drug_Smiles,drug_ATC,drug_Name
C(C(=O)O)N,B05CX03,Glycine
C(CC(=O)NC(CS)C(=O)NCC(=O)O)C(C(=O)O)N,V03AB32,Glutathione
C(CC(=O)N)C(C(=O)O)N,A16AA03,Glutamine
CSCCC(C(=O)O)N,V03AB26,Methionine
C1=CC=C2C(=C1)C(=CN2)CC(C(=O)O)N,N06AX02,Tryptophan
C(=O)(N)N,B05BC02,Urea
C(=O)(N)N, D02AE01,Urea
C(C(CO)O)O,A06AG04,Glycerin
C(C(CO)O)O, A06AX01,Glycerin
C1C2C(C(S1)CCCCC(=O)O)NC(=O)N2,A11HA05,Biotin
C1=CC=C(C=C1)O,C05BB05,Phenol
C1=CC=C(C=C1)O, D08AE03,Phenol
C1=CC=C(C=C1)O, N01BX03,Phenol
C1=CC=C(C=C1)O, R02AA19,Phenol
C1=CC(=CN=C1)C(=O)N,A11HA01,Niacinamide
C1=NC(=C2C(=N1)N(C=N2)C3C(C(C(O3)CO)O)O)N,C01EB10,Adenosine
C1CSSC1CCCCC(=O)N,A16AX01,Thioctic acid amide
C1=CC(=CN=C1)C(=O)O,C04AC01,Niacin
C1=CC(=CN=C1)C(=O)O, C10AD02,Niacin
CC1=CC2=C(C=C1C)N(C3=NC(=O)NC(=O)C3=N2)CC(C(C(CO)O)O)O,A11HA04,Riboflavin
CC1=CC2=C(C=C1C)N(C3=NC(=O)NC(=O)C3=N2)CC(C(C(CO)O)O)O, S01XA26,Riboflavin
C1=NC2=C(C(=O)N1)N=CN2C3C(C(C(O3)CO)O)O,D06BB05,Inosine
C1=NC2=C(C(=O)N1)N=CN2C3C(C(C(O3)CO)O)O, G01AX02,Inosine
C1=NC2=C(C(=O)N1)N=CN2C3C(C(C(O3)CO)O)O, S01XA10,Inosine
C(CC(=O)O)CN,N03AG03,gamma-Aminobutyric acid
C1=CC(=C(C=C1CC(C(=O)O)N)O)O,N04BA01,Levodopa
C(C(C(C(C(CO)O)O)O)O)O,A06AD16,Mannitol
C(C(C(C(C(CO)O)O)O)O)O, B05BC01,Mannitol
C(C(C(C(C(CO)O)O)O)O)O, B05CX04,Mannitol
C(C(C(C(C(CO)O)O)O)O)O, R05CB16,Mannitol
C(C(C(C(C(CO)O)O)O)O)O, V04CX04,Mannitol
C1C(C(C(C(C1N)OC2C(C(C(C(O2)CO)O)N)O)O)OC3C(CC(C(O3)CN)O)N)N,J01GB01,Tobramycin
C1C(C(C(C(C1N)OC2C(C(C(C(O2)CO)O)N)O)O)OC3C(CC(C(O3)CN)O)N)N, S01AA12,Tobramycin
CC(=O)C1CCC2C1(CCC3C2CCC4=CC(=O)CCC34C)C,G03DA04,Progesterone
CC12CCC3C(C1CCC2=O)CCC4=C3C=CC(=C4)O,G03CA07,Estrone
CC12CCC3C(C1CCC2=O)CCC4=C3C=CC(=C4)O, G03CC04,Estrone
CCO,D08AX08,Alcohol
CCO, V03AB16,Alcohol
CCO, V03AZ01,Alcohol
C1=CC(=CC=C1C(=O)NC(CCC(=O)O)C(=O)O)NCC2=CN=C3C(=N2)C(=O)NC(=N3)N,B03BB01,Folic acid
C1=CC(=CC=C1C(=O)NC(CCC(=O)O)C(=O)O)NCC2=CN=C3C(=N2)C(=O)NC(=N3)N, V04CX02,Folic acid
C1=CC(=CC=C1O)O,D11AX11,Hydroquinone
CC12CCC3C(C1CCC2O)CCC4=CC(=O)CCC34C,G03BA03,Testosterone
CCCCCC(C=CC1C(CC(=O)C1CC=CCCCC(=O)O)O)O,G02AD02,Dinoprostone
CCCCCC(C=CC1C(CC(C1CC=CCCCC(=O)O)O)O)O,G02AD01,Dinoprost
CCC(C)C1C(=O)NC(C(=O)NC(C(=O)NC(CSSCC(C(=O)NC(C(=O)N1)CC2=CC=C(C=C2)O)N)C(=O)N3CCCC3C(=O)NC(CC(C)C)C(=O)NCC(=O)N)CC(=O)N)CCC(=O)N,H01BB02,Oxytocin
CC1=C(C(CCC1)(C)C)C=CC(=CC=CC(=CC(=O)O)C)C,D10AD01,Tretinoin
CC1=C(C(CCC1)(C)C)C=CC(=CC=CC(=CC(=O)O)C)C, L01XF01,Tretinoin
C1=CC=C(C(=C1)C(=O)O)O,D01AE12,Salicylic acid
C1=CC=C(C(=C1)C(=O)O)O, S01BC08,Salicylic acid
CC1(C2CCC1(C(=O)C2)C)C,C01EB02,Camphor
C1=CC(=CC=C1C(C(CO)NC(=O)C(Cl)Cl)O)[N+](=O)[O-],D06AX02,Chloramphenicol
C1=CC(=CC=C1C(C(CO)NC(=O)C(Cl)Cl)O)[N+](=O)[O-], D10AF03,Chloramphenicol
C1=CC(=CC=C1C(C(CO)NC(=O)C(Cl)Cl)O)[N+](=O)[O-], G01AA05,Chloramphenicol
C1=CC(=CC=C1C(C(CO)NC(=O)C(Cl)Cl)O)[N+](=O)[O-], J01BA01,Chloramphenicol
C1=CC(=CC=C1C(C(CO)NC(=O)C(Cl)Cl)O)[N+](=O)[O-], S01AA01,Chloramphenicol
C1=CC(=CC=C1C(C(CO)NC(=O)C(Cl)Cl)O)[N+](=O)[O-], S02AA01,Chloramphenicol
C1=CC(=CC=C1C(C(CO)NC(=O)C(Cl)Cl)O)[N+](=O)[O-], S03AA08,Chloramphenicol
CC12CCC3C(C1CCC2O)CCC4=C3C=CC(=C4)O,G03CA03,Estradiol
CCCCCC(C=CC1C(CC2C1CC(=CCCCC(=O)O)O2)O)O,B01AC09,Epoprostenol
CC1CC(C2C(CC(C(O2)(C(=O)C(=O)N3CCCCC3C(=O)OC(C(C(CC(=O)C(C=C(C1)C)CC=C)O)C)C(=CC4CCC(C(C4)OC)O)C)O)C)OC)OC.O,D11AH01,Tacrolimus
CC1CC(C2C(CC(C(O2)(C(=O)C(=O)N3CCCCC3C(=O)OC(C(C(CC(=O)C(C=C(C1)C)CC=C)O)C)C(=CC4CCC(C(C4)OC)O)C)O)C)OC)OC.O, L04AD02,Tacrolimus
CC(=O)OC1=CC=CC=C1C(=O)O,A01AD05,Aspirin
CC(=O)OC1=CC=CC=C1C(=O)O, B01AC06,Aspirin
CC(=O)OC1=CC=CC=C1C(=O)O, N02BA01,Aspirin
CN1C2CCC1C(C(C2)OC(=O)C3=CC=CC=C3)C(=O)OC,N01BC01,Cocaine
CN1C2CCC1C(C(C2)OC(=O)C3=CC=CC=C3)C(=O)OC, R02AD03,Cocaine
CN1C2CCC1C(C(C2)OC(=O)C3=CC=CC=C3)C(=O)OC, S01HA01,Cocaine
CN1C2CCC1C(C(C2)OC(=O)C3=CC=CC=C3)C(=O)OC, S02DA02,Cocaine
CC(C(=O)O)O,G01AD01,Lactic acid
CN1C2CCC1CC(C2)OC(=O)C(CO)C3=CC=CC=C3,A03BA01,Atropine
CN1C2CCC1CC(C2)OC(=O)C(CO)C3=CC=CC=C3, S01FA01,Atropine
C(C(C(C(C(=O)CO)O)O)O)O,V06DC02,Fructose
CC(C1=CC2=C(C=C1)C=C(C=C2)OC)C(=O)O,G02CC02,Naproxen
CC(C1=CC2=C(C=C1)C=C(C=C2)OC)C(=O)O, M01AE02,Naproxen
CC(C1=CC2=C(C=C1)C=C(C=C2)OC)C(=O)O, M02AA12,Naproxen
CC(C(C1=CC=CC=C1)O)NC,C01CA26,Ephedrine
CC(C(C1=CC=CC=C1)O)NC, R01AA03,Ephedrine
CC(C(C1=CC=CC=C1)O)NC, R01AB05,Ephedrine
CC(C(C1=CC=CC=C1)O)NC, R03CA02,Ephedrine
CC(C(C1=CC=CC=C1)O)NC, S01FB02,Ephedrine
CC1OCC2C(O1)C(C(C(O2)OC3C4COC(=O)C4C(C5=CC6=C(C=C35)OCO6)C7=CC(=C(C(=C7)OC)O)OC)O)O,L01CB01,Etoposide
CC(C)CC1=CC=C(C=C1)C(C)C(=O)O,C01EB16,Ibuprofen
CC(C)CC1=CC=C(C=C1)C(C)C(=O)O, G02CC01,Ibuprofen
CC(C)CC1=CC=C(C=C1)C(C)C(=O)O, M01AE01,Ibuprofen
CC(C)CC1=CC=C(C=C1)C(C)C(=O)O, M02AA13,Ibuprofen
CC(C)CC1=CC=C(C=C1)C(C)C(=O)O, R02AX02,Ibuprofen
CC(CCCC(C)(C)O)C1CCC2C1(CCCC2=CC=C3CC(CC(C3=C)O)O)C,A11CC04,Calcitriol
CC(CCCC(C)(C)O)C1CCC2C1(CCCC2=CC=C3CC(CC(C3=C)O)O)C, D05AX03,Calcitriol
CC(C1=CC(=CC=C1)C(=O)C2=CC=CC=C2)C(=O)O,M01AE03,Ketoprofen
CC(C1=CC(=CC=C1)C(=O)C2=CC=CC=C2)C(=O)O, M02AA10,Ketoprofen
C1=CC(=CC(=C1)O)O,D10AX02,Resorcinol
C1=CC(=CC(=C1)O)O, S01AX06,Resorcinol
CC(C)O,D08AX05,Isopropyl alcohol
COC1=C2C(=CC3=C1OC=C3)C=CC(=O)O2,D05AD02,Methoxsalen
COC1=C2C(=CC3=C1OC=C3)C=CC(=O)O2, D05BA02,Methoxsalen
CCC1C(C(C(C(=O)C(CC(C(C(C(C(C(=O)O1)C)OC2CC(C(C(O2)C)O)(C)OC)C)OC3C(C(CC(O3)C)N(C)C)O)(C)O)C)C)O)(C)O,D10AF02,Erythromycin
CCC1C(C(C(C(=O)C(CC(C(C(C(C(C(=O)O1)C)OC2CC(C(C(O2)C)O)(C)OC)C)OC3C(C(CC(O3)C)N(C)C)O)(C)O)C)C)O)(C)O, J01FA01,Erythromycin
CCC1C(C(C(C(=O)C(CC(C(C(C(C(C(=O)O1)C)OC2CC(C(C(O2)C)O)(C)OC)C)OC3C(C(CC(O3)C)N(C)C)O)(C)O)C)C)O)(C)O, S01AA17,Erythromycin
CN1C2CCC1CC(C2)OC(=O)C(CO)C3=CC=CC=C3,A03BA03,Hyoscyamine
CC1=C(C(=O)C2=CC=CC=C2C1=O)CC=C(C)CCCC(C)CCCC(C)CCCC(C)C,B02BA01,Phytonadione
C1=C(C=C(C=C1O)O)O,A03AX12,Phloroglucinol
C1C(C(OC1N2C=NC3=C2NC=NCC3O)CO)O,L01XX08,Pentostatin
CC1(C2CCC3(C(C2(CCC1OC4C(C(C(C(O4)C(=O)O)O)O)OC5C(C(C(C(O5)C(=O)O)O)O)O)C)C(=O)C=C6C3(CCC7(C6CC(CC7)(C)C(=O)O)C)C)C)C,A05BA08,Glycyrrhizin
C(CCC(=O)O)CCN,B02AA01,Aminocaproic acid
C1=NC2=C(N1)C(=S)N=CN2.O,L01BB02,Mercaptopurine
C1=CC(=C(C=C1N)O)C(=O)O,J04AA01,Aminosalicylic acid
CC(CCC(=O)O)C1CCC2C1(CCC3C2C(CC4C3(CCC(C4)O)C)O)C,A05AA01,Chenodiol
CC1=CC(=O)OC2=C1C=CC(=C2)O,A05AX02,Hymecromone
C1CC(N(C1)C(=O)C(CC2=CN=CN2)NC(=O)C3CCC(=O)N3)C(=O)N,V04CJ02,Protirelin
CCCCCC(C=CC1C(CC(=O)C1CCCCCCC(=O)O)O)O,C01EA01,Alprostadil
CCCCCC(C=CC1C(CC(=O)C1CCCCCCC(=O)O)O)O, G04BE01,Alprostadil
CCN1C=C(C(=O)C2=C1N=C(C=C2)C)C(=O)O,J01MB02,Nalidixic acid
CC12CCC3C(C1CC(C2O)O)CCC4=C3C=CC(=C4)O,G03CA04,Estriol
CC12CCC3C(C1CC(C2O)O)CCC4=C3C=CC(=C4)O, G03CC06,Estriol
C1CC1N2C=C(C(=O)C3=CC(=C(C=C32)N4CCNCC4)F)C(=O)O,J01MA02,Ciprofloxacin
C1CC1N2C=C(C(=O)C3=CC(=C(C=C32)N4CCNCC4)F)C(=O)O, S01AE03,Ciprofloxacin
C1CC1N2C=C(C(=O)C3=CC(=C(C=C32)N4CCNCC4)F)C(=O)O, S02AA15,Ciprofloxacin
C1CC1N2C=C(C(=O)C3=CC(=C(C=C32)N4CCNCC4)F)C(=O)O, S03AA07,Ciprofloxacin
CC(C)C(C)C=CC(C)C1CCC2C1(CCCC2=CC=C3CC(CCC3=C)O)C,A11CC01,Ergocalciferol
CC(C)CCCC(C)C1CCC2C1(CCCC2=CC=C3CC(CCC3=C)O)C,A11CC05,Cholecalciferol
CC(C)(CO)C(C(=O)NCCCO)O,A11HA30,Dexpanthenol
CC(C)(CO)C(C(=O)NCCCO)O, D03AX03,Dexpanthenol
CC(C)(CO)C(C(=O)NCCCO)O, S01XA12,Dexpanthenol
CN1CCC23C4C1CC5=C2C(=C(C=C5)OC)OC3C(C=C4)O.O,R05DA04,Codeine
CC12CCN(C1N(C3=C2C=C(C=C3)OC(=O)NC)C)C,S01EB05,Physostigmine
CC12CCN(C1N(C3=C2C=C(C=C3)OC(=O)NC)C)C, V03AB19,Physostigmine
COC1C(CC2CN3CCC4=C(C3CC2C1C(=O)OC)NC5=C4C=CC(=C5)OC)OC(=O)C6=CC(=C(C(=C6)OC)OC)OC,C02AA02,Reserpine
COC1C(CC2CN3CCC4=C(C3CC2C1C(=O)OC)NC5=C4C=CC(=C5)OC)OC(=O)C=CC6=CC(=C(C(=C6)OC)OC)OC,C02AA01,Rescinnamine
CC1(C2CC3C(C(=O)C(=C(C3(C(=O)C2=C(C4=C1C=CC=C4O)O)O)O)C(=O)N)N(C)C)O,A01AB13,Tetracycline
CC1(C2CC3C(C(=O)C(=C(C3(C(=O)C2=C(C4=C1C=CC=C4O)O)O)O)C(=O)N)N(C)C)O, D06AA04,Tetracycline
CC1(C2CC3C(C(=O)C(=C(C3(C(=O)C2=C(C4=C1C=CC=C4O)O)O)O)C(=O)N)N(C)C)O, J01AA07,Tetracycline
CC1(C2CC3C(C(=O)C(=C(C3(C(=O)C2=C(C4=C1C=CC=C4O)O)O)O)C(=O)N)N(C)C)O, S01AA09,Tetracycline
CC1(C2CC3C(C(=O)C(=C(C3(C(=O)C2=C(C4=C1C=CC=C4O)O)O)O)C(=O)N)N(C)C)O, S02AA08,Tetracycline
CC1(C2CC3C(C(=O)C(=C(C3(C(=O)C2=C(C4=C1C=CC=C4O)O)O)O)C(=O)N)N(C)C)O, S03AA02,Tetracycline
CC1C=CC=CCCC=CC=CC=CC=CC(CC(C(C(CC(=O)CC(C(CCC(CC(CC(CC(=O)OC(C(C1O)C)C)O)O)O)O)O)O)C(=O)O)O)OC2C(C(C(C(O2)C)O)N)O,A07AA02,Nystatin
CC1C=CC=CCCC=CC=CC=CC=CC(CC(C(C(CC(=O)CC(C(CCC(CC(CC(CC(=O)OC(C(C1O)C)C)O)O)O)O)O)O)C(=O)O)O)OC2C(C(C(C(O2)C)O)N)O, D01AA01,Nystatin
CC1C=CC=CCCC=CC=CC=CC=CC(CC(C(C(CC(=O)CC(C(CCC(CC(CC(CC(=O)OC(C(C1O)C)C)O)O)O)O)O)O)C(=O)O)O)OC2C(C(C(C(O2)C)O)N)O, G01AA01,Nystatin
CC1C=CC=CC=CC=CC=CC=CC=CC(CC2C(C(CC(O2)(CC(CC(C(CCC(CC(CC(=O)OC(C(C1O)C)C)O)O)O)O)O)O)O)C(=O)O)OC3C(C(C(C(O3)C)O)N)O,A01AB04,Amphotericin B
CC1C=CC=CC=CC=CC=CC=CC=CC(CC2C(C(CC(O2)(CC(CC(C(CCC(CC(CC(=O)OC(C(C1O)C)C)O)O)O)O)O)O)O)C(=O)O)OC3C(C(C(C(O3)C)O)N)O, A07AA07,Amphotericin B
CC1C=CC=CC=CC=CC=CC=CC=CC(CC2C(C(CC(O2)(CC(CC(C(CCC(CC(CC(=O)OC(C(C1O)C)C)O)O)O)O)O)O)O)C(=O)O)OC3C(C(C(C(O3)C)O)N)O, G01AA03,Amphotericin B
CC1C=CC=CC=CC=CC=CC=CC=CC(CC2C(C(CC(O2)(CC(CC(C(CCC(CC(CC(=O)OC(C(C1O)C)C)O)O)O)O)O)O)O)C(=O)O)OC3C(C(C(C(O3)C)O)N)O, J02AA01,Amphotericin B
CC1(C(N2C(S1)C(C2=O)NC(=O)C(C3=CC=CC=C3)N)C(=O)O)C,J01CA01,Ampicillin
CC1(C(N2C(S1)C(C2=O)NC(=O)C(C3=CC=CC=C3)N)C(=O)O)C, S01AA19,Ampicillin
CC1(C2C(C3C(C(=O)C(=C(C3(C(=O)C2=C(C4=C1C=CC=C4O)O)O)O)C(=O)N)N(C)C)O)O.O.O,A01AB25,Oxytetracycline
CC1(C2C(C3C(C(=O)C(=C(C3(C(=O)C2=C(C4=C1C=CC=C4O)O)O)O)C(=O)N)N(C)C)O)O.O.O, D06AA03,Oxytetracycline
CC1(C2C(C3C(C(=O)C(=C(C3(C(=O)C2=C(C4=C1C=CC=C4O)O)O)O)C(=O)N)N(C)C)O)O.O.O, G01AA07,Oxytetracycline
CC1(C2C(C3C(C(=O)C(=C(C3(C(=O)C2=C(C4=C1C=CC=C4O)O)O)O)C(=O)N)N(C)C)O)O.O.O, J01AA06,Oxytetracycline
CC1(C2C(C3C(C(=O)C(=C(C3(C(=O)C2=C(C4=C1C=CC=C4O)O)O)O)C(=O)N)N(C)C)O)O.O.O, S01AA04,Oxytetracycline
CC1CC(=O)C=C(C12C(=O)C3=C(O2)C(=C(C=C3OC)OC)Cl)OC,D01AA08,Griseofulvin
CC1CC(=O)C=C(C12C(=O)C3=C(O2)C(=C(C=C3OC)OC)Cl)OC, D01BA01,Griseofulvin
CC1C(C(=O)NC(C(=O)N2CCCC2C(=O)N(CC(=O)N(C(C(=O)O1)C(C)C)C)C)C(C)C)NC(=O)C3=C4C(=C(C=C3)C)OC5=C(C(=O)C(=C(C5=N4)C(=O)NC6C(OC(=O)C(N(C(=O)CN(C(=O)C7CCCN7C(=O)C(NC6=O)C(C)C)C)C)C(C)C)C)N)C,L01DA01,Dactinomycin
CC1C(C(C(C(O1)OC2C(OC(C(C2O)O)OC3C(OC(C(C3O)O)O)CO)CO)O)O)NC4C=C(C(C(C4O)O)O)CO,A10BF01,Acarbose
CC(=O)NC1=CC=C(C=C1)O,N02BE01,Acetaminophen
CC(=O)NO,G04BX03,Acetohydroxamic acid
CC(=O)NC(CS)C(=O)O,R05CB01,Acetylcysteine
CC(=O)NC(CS)C(=O)O, S01XA08,Acetylcysteine
CC(=O)NC(CS)C(=O)O, V03AB23,Acetylcysteine
CCCC1CC(N(C1)C)C(=O)NC(C2C(C(C(C(O2)SC)O)O)O)C(C)O,J01FF02,Lincomycin
C1=NNC2=C1C(=O)NC=N2,M04AA01,Allopurinol
CC(C)NCC(COC1=CC=C(C=C1)CC(=O)N)O,C07AB03,Atenolol
C1=CC(=CC=C1C(CC(=O)O)CN)Cl,M03BX01,Baclofen
CC(C)C=CCCCCC(=O)NCC1=CC(=C(C=C1)O)OC,M02AB01,Capsaicin
CC(C)C=CCCCCC(=O)NCC1=CC(=C(C=C1)O)OC, N01BX04,Capsaicin
CC=CC1=C(N2C(C(C2=O)NC(=O)C(C3=CC=C(C=C3)O)N)SC1)C(=O)O.O,J01DC10,Cefprozil
C(C(Cl)(Cl)Cl)(O)O,N05CC01,Chloral hydrate
CC(C)N=C1C=C2C(=NC3=CC=CC=C3N2C4=CC=C(C=C4)Cl)C=C1NC5=CC=C(C=C5)Cl,J04BA01,Clofazimine
CN1C(=O)CN=C(C2=C1C=CC(=C2)Cl)C3=CC=CC=C3,N05BA01,Diazepam
CC1C(C(CC(O1)OC2C(OC(CC2O)OC3C(OC(CC3O)OC4CCC5(C(C4)CCC6C5CCC7(C6(CCC7C8=CC(=O)OC8)O)C)C)C)C)O)O,C01AA04,Digitoxin
CC1C(C(CC(O1)OC2C(OC(CC2O)OC3C(OC(CC3O)OC4CCC5(C(C4)CCC6C5CC(C7(C6(CCC7C8=CC(=O)OC8)O)C)O)C)C)C)O)O,C01AA05,Digoxin
CN(C)CCOC(C1=CC=CC=C1)C2=CC=CC=C2,D04AA32,Diphenhydramine
CN(C)CCOC(C1=CC=CC=C1)C2=CC=CC=C2, R06AA02,Diphenhydramine
CCC(=C)C(=O)C1=C(C(=C(C=C1)OCC(=O)O)Cl)Cl,C03CC01,Ethacrynic acid
C1=C(N=C(S1)N=C(N)N)CSCCC(=NS(=O)(=O)N)N,A02BA03,Famotidine
CNCCC(C1=CC=CC=C1)OC2=CC=C(C=C2)C(F)(F)F,N06AB03,Fluoxetine
C1CCC(CC1)(CC(=O)O)CN,N02BF01,Gabapentin
C1=NC2=C(N1COC(CO)CO)N=C(NC2=O)N,J05AB06,Ganciclovir
C1=NC2=C(N1COC(CO)CO)N=C(NC2=O)N, S01AD09,Ganciclovir
COC1=C(C=C(C=C1)Cl)C(=O)NCCC2=CC=C(C=C2)S(=O)(=O)NC(=O)NC3CCCCC3,A10BB01,Glyburide
C1NC2=CC(=C(C=C2S(=O)(=O)N1)S(=O)(=O)N)Cl,C03AA03,Hydrochlorothiazide
C1=CN=CC=C1C(=O)NN,J04AC01,Isoniazid
CC1=C(C(CCC1)(C)C)C=CC(=CC=CC(=CC(=O)O)C)C,D10AD04,Isotretinoin
CC1=C(C(CCC1)(C)C)C=CC(=CC=CC(=CC(=O)O)C)C, D10BA01,Isotretinoin
CC(=O)N1CCN(CC1)C2=CC=C(C=C2)OCC3COC(O3)(CN4C=CN=C4)C5=C(C=C(C=C5)Cl)Cl,D01AC08,Ketoconazole
CC(=O)N1CCN(CC1)C2=CC=C(C=C2)OCC3COC(O3)(CN4C=CN=C4)C5=C(C=C(C=C5)Cl)Cl, G01AF11,Ketoconazole
CC(=O)N1CCN(CC1)C2=CC=C(C=C2)OCC3COC(O3)(CN4C=CN=C4)C5=C(C=C(C=C5)Cl)Cl, H02CA03,Ketoconazole
CC(=O)N1CCN(CC1)C2=CC=C(C=C2)OCC3COC(O3)(CN4C=CN=C4)C5=C(C=C(C=C5)Cl)Cl, J02AB02,Ketoconazole
C1C(OC(S1)CO)N2C=CC(=NC2=O)N,J05AF05,Lamivudine
CCC(C)C(=O)OC1CC(C=C2C1C(C(C=C2)C)CCC3CC(CC(=O)O3)O)C,C10AA02,Lovastatin
C1(C(C(C(C(C1Cl)Cl)Cl)Cl)Cl)Cl,P03AB02,Lindane
CCOC(=O)N1CCC(=C2C3=C(CCC4=C2N=CC=C4)C=C(C=C3)Cl)CC1,R06AX13,Loratadine
CN1C2=C(C(=O)N(C1=O)C)NC=N2,R03DA04,Theophylline
C1=CC(=C(C=C1N)C(=O)O)O,A07EC02,Mesalamine
CCCCNC(=O)NS(=O)(=O)C1=CC=C(C=C1)C,A10BB03,Tolbutamide
CCCCNC(=O)NS(=O)(=O)C1=CC=C(C=C1)C, V04CA01,Tolbutamide
CC12CC(C3(C(C1CC(C2(C(=O)CO)O)O)CCC4=CC(=O)C=CC43C)F)O,A01AC01,Triamcinolone
CC12CC(C3(C(C1CC(C2(C(=O)CO)O)O)CCC4=CC(=O)C=CC43C)F)O, C05AA12,Triamcinolone
CC12CC(C3(C(C1CC(C2(C(=O)CO)O)O)CCC4=CC(=O)C=CC43C)F)O, D07AB09,Triamcinolone
CC12CC(C3(C(C1CC(C2(C(=O)CO)O)O)CCC4=CC(=O)C=CC43C)F)O, D07XB02,Triamcinolone
CC12CC(C3(C(C1CC(C2(C(=O)CO)O)O)CCC4=CC(=O)C=CC43C)F)O, H02AB08,Triamcinolone
CC12CC(C3(C(C1CC(C2(C(=O)CO)O)O)CCC4=CC(=O)C=CC43C)F)O, R01AD11,Triamcinolone
CC12CC(C3(C(C1CC(C2(C(=O)CO)O)O)CCC4=CC(=O)C=CC43C)F)O, R03BA06,Triamcinolone
CC12CC(C3(C(C1CC(C2(C(=O)CO)O)O)CCC4=CC(=O)C=CC43C)F)O, S01BA05,Triamcinolone
C(C(CO)(CO)N)O,B05BB03,Tromethamine
C(C(CO)(CO)N)O, B05XX02,Tromethamine
CCCC(CCC)C(=O)O,N03AG01,Valproic acid
CC(CC1=CC(=C(C=C1)O)O)(C(=O)O)N.CC(CC1=CC(=C(C=C1)O)O)(C(=O)O)N.O.O.O,C02AB01,Methyldopa
C1=NC(=C2C(=N1)N(C=N2)C3C(C(C(O3)CO)O)O)N.O,J05AB03,Vidarabine
C1=NC(=C2C(=N1)N(C=N2)C3C(C(C(O3)CO)O)O)N.O, S01AD06,Vidarabine
CC1CC2C3CCC(C3(CC(C2C4(C1=CC(=O)C=C4)C)O)C)(C(=O)CO)O,D07AA01,Methylprednisolone
CC1CC2C3CCC(C3(CC(C2C4(C1=CC(=O)C=C4)C)O)C)(C(=O)CO)O, D10AA02,Methylprednisolone
CC1CC2C3CCC(C3(CC(C2C4(C1=CC(=O)C=C4)C)O)C)(C(=O)CO)O, H02AB04,Methylprednisolone
CC12CCC(=O)C=C1CCC3C2CCC4(C3CCC4(C)O)C,G03BA02,Methyltestosterone
CC12CCC(=O)C=C1CCC3C2CCC4(C3CCC4(C)O)C, G03EK01,Methyltestosterone
CC1=NC=C(N1CCO)[N+](=O)[O-],A01AB17,Metronidazole
CC1=NC=C(N1CCO)[N+](=O)[O-], D06BX01,Metronidazole
CC1=NC=C(N1CCO)[N+](=O)[O-], G01AF01,Metronidazole
CC1=NC=C(N1CCO)[N+](=O)[O-], J01XD01,Metronidazole
CC1=NC=C(N1CCO)[N+](=O)[O-], P01AB01,Metronidazole
CNC(=C[N+](=O)[O-])NCCSCC1=CC=C(O1)CN(C)C,A02BA02,Ranitidine
CC1C=CC=C(C(=O)NC2=C(C3=C(C4=C(C(=C3O)C)OC(C4=O)(OC=CC(C(C(C(C(C(C1O)C)O)C)OC(=O)C)C)OC)C)C5=NC6(CCN(CC6)CC(C)C)N=C25)O)C,J04AB04,Rifabutin
CCCC(C)C1(C(=O)NC(=O)NC1=O)CC=C,N05CA06,Secobarbital
CCC(C)(C)C(=O)OC1CC(C=C2C1C(C(C=C2)C)CCC3CC(CC(=O)O3)O)C,C10AA01,Simvastatin
CC1=C(C(C(=C(N1)C)C(=O)OC)C2=CC=CC=C2[N+](=O)[O-])C(=O)OC,C08CA05,Nifedipine
CC1COC2=C3N1C=C(C(=O)C3=CC(=C2N4CCN(CC4)C)F)C(=O)O,J01MA01,Ofloxacin
CC1COC2=C3N1C=C(C(=O)C3=CC(=C2N4CCN(CC4)C)F)C(=O)O, S01AE01,Ofloxacin
CC1COC2=C3N1C=C(C(=O)C3=CC(=C2N4CCN(CC4)C)F)C(=O)O, S02AA16,Ofloxacin
CC(C(C1=CC=CC=C1)O)NC.Cl,R01BA02,Pseudoephedrine hydrochloride
CC1=C2C(C(=O)C3(C(CC4C(C3C(C(C2(C)C)(CC1OC(=O)C(C(C5=CC=CC=C5)NC(=O)C6=CC=CC=C6)O)O)OC(=O)C7=CC=CC=C7)(CO4)OC(=O)C)O)C)OC(=O)C,L01CD01,Paclitaxel
CC1C2CC3=C(C1(CCN2CC=C(C)C)C)C=C(C=C3)O,N02AD01,Pentazocine
C1C(C2C(O1)C(CO2)O[N+](=O)[O-])O[N+](=O)[O-],C01DA08,Isosorbide dinitrate
C1C(C2C(O1)C(CO2)O[N+](=O)[O-])O[N+](=O)[O-], C05AE02,Isosorbide dinitrate
CN1C=NC2=C1C(=O)N(C(=O)N2C)C,D11AX26,Caffeine
CN1C=NC2=C1C(=O)N(C(=O)N2C)C, N06BC01,Caffeine
CC1(OC2COC3(C(C2O1)OC(O3)(C)C)COS(=O)(=O)N)C,N03AX11,Topiramate
CCC1(CC(=O)NC1=O)C,N03AD01,Ethosuximide
CC12CCC3C(C1CCC2(C#C)O)CCC4=C3C=CC(=C4)O,G03CA01,Ethinyl estradiol
CC12CCC3C(C1CCC2(C#C)O)CCC4=C3C=CC(=C4)O, L02AA03,Ethinyl estradiol
CC1=C(C(=O)N(N1C)C2=CC=CC=C2)N(C)C,N02BB03,Aminopyrine
CC1=CC=C(C=C1)C2=CC(=NN2C3=CC=C(C=C3)S(=O)(=O)N)C(F)(F)F,L01XX33,Celecoxib
CC1=CC=C(C=C1)C2=CC(=NN2C3=CC=C(C=C3)S(=O)(=O)N)C(F)(F)F, M01AH01,Celecoxib
CC(=O)NC1CCC2=CC(=C(C(=C2C3=CC=C(C(=O)C=C13)OC)OC)OC)OC,M04AC01,Colchicine
CCC1(CCC(=O)NC1=O)C2=CC=C(C=C2)N,L02BG01,Aminoglutethimide
C1=C(C(=O)NC(=O)N1)F,L01BC02,Fluorouracil
CC1COC2=C3N1C=C(C(=O)C3=CC(=C2N4CCN(CC4)C)F)C(=O)O.CC1COC2=C3N1C=C(C(=O)C3=CC(=C2N4CCN(CC4)C)F)C(=O)O.O,J01MA12,Levofloxacin
CC1COC2=C3N1C=C(C(=O)C3=CC(=C2N4CCN(CC4)C)F)C(=O)O.CC1COC2=C3N1C=C(C(=O)C3=CC(=C2N4CCN(CC4)C)F)C(=O)O.O, S01AE05,Levofloxacin
CCC1=C(CN(C1=O)C(=O)NCCC2=CC=C(C=C2)S(=O)(=O)NC(=O)NC3CCC(CC3)C)C,A10BB12,Glimepiride
CC1=C(C(C(=C(N1)C)C(=O)OCCN(C)CC2=CC=CC=C2)C3=CC(=CC=C3)[N+](=O)[O-])C(=O)OC.Cl,C08CA04,Nicardipine hydrochloride
C1C(C2C(O1)C(CO2)O[N+](=O)[O-])O,C01DA14,Isosorbide mononitrate
CC1=CNN=C1,V03AB34,Fomepizole
CC(CCC(=O)O)C1CCC2C1(CCC3C2C(CC4C3(CCC(C4)O)C)O)C,A05AA02,Ursodiol
C1=CC2=C(C=C1Cl)NC(=O)O2,M03BB03,Chlorzoxazone
C1C(C(C(C(C1N)OC2C(C(C(C(O2)CN)O)O)O)O)OC3C(C(C(C(O3)CO)O)N)O)N.OS(=O)(=O)O,A07AA08,Kanamycin sulfate
C1C(C(C(C(C1N)OC2C(C(C(C(O2)CN)O)O)O)O)OC3C(C(C(C(O3)CO)O)N)O)N.OS(=O)(=O)O, J01GB04,Kanamycin sulfate
C1C(C(C(C(C1N)OC2C(C(C(C(O2)CN)O)O)O)O)OC3C(C(C(C(O3)CO)O)N)O)N.OS(=O)(=O)O, S01AA24,Kanamycin sulfate
C1C(C(=O)NO1)N,J04AB01,Cycloserine
CC1CC=CC=CC=CC=CC(CC2C(C(CC(O2)(CC(CC3C(O3)C=CC(=O)O1)O)O)O)C(=O)O)OC4C(C(C(C(O4)C)O)N)O,A01AB10,Natamycin
CC1CC=CC=CC=CC=CC(CC2C(C(CC(O2)(CC(CC3C(O3)C=CC(=O)O1)O)O)O)C(=O)O)OC4C(C(C(C(O4)C)O)N)O, A07AA03,Natamycin
CC1CC=CC=CC=CC=CC(CC2C(C(CC(O2)(CC(CC3C(O3)C=CC(=O)O1)O)O)O)C(=O)O)OC4C(C(C(C(O4)C)O)N)O, D01AA02,Natamycin
CC1CC=CC=CC=CC=CC(CC2C(C(CC(O2)(CC(CC3C(O3)C=CC(=O)O1)O)O)O)C(=O)O)OC4C(C(C(C(O4)C)O)N)O, G01AA02,Natamycin
CC1CC=CC=CC=CC=CC(CC2C(C(CC(O2)(CC(CC3C(O3)C=CC(=O)O1)O)O)O)C(=O)O)OC4C(C(C(C(O4)C)O)N)O, S01AA10,Natamycin
CC=C(C1=CC=C(C=C1)O)C(=CC)C2=CC=C(C=C2)O,G03CB01,Dienestrol
CC=C(C1=CC=C(C=C1)O)C(=CC)C2=CC=C(C=C2)O, G03CC02,Dienestrol
CCCCCC(=O)OC1(CCC2C1(CCC3C2CCC4=CC(=O)CCC34C)C)C(=O)C,G03DA03,Hydroxyprogesterone caproate
CCCCCCCCCC(=O)OC1CCC2C1(CCC3C2CCC4=CC(=O)CCC34)C,A14AB01,Nandrolone decanoate
CCCCCCCCCC(=O)OC1CCC2C1(CCC3C2CCC4=CC(=O)CCC34)C, S01XA11,Nandrolone decanoate
C1=CC(=CC=C1C#N)C(C2=CC=C(C=C2)C#N)N3C=NC=N3,L02BG04,Letrozole
CC(=O)OCC(=O)C1(CCC2C1(CC(C3C2CCC4=CC(=O)C=CC34C)O)C)O,A01AC04,Prednisolone acetate
CC(=O)OCC(=O)C1(CCC2C1(CC(C3C2CCC4=CC(=O)C=CC34C)O)C)O, A07EA01,Prednisolone acetate
CC(=O)OCC(=O)C1(CCC2C1(CC(C3C2CCC4=CC(=O)C=CC34C)O)C)O, C05AA04,Prednisolone acetate
CC(=O)OCC(=O)C1(CCC2C1(CC(C3C2CCC4=CC(=O)C=CC34C)O)C)O, D07AA03,Prednisolone acetate
CC(=O)OCC(=O)C1(CCC2C1(CC(C3C2CCC4=CC(=O)C=CC34C)O)C)O, D07XA02,Prednisolone acetate
CC(=O)OCC(=O)C1(CCC2C1(CC(C3C2CCC4=CC(=O)C=CC34C)O)C)O, H02AB06,Prednisolone acetate
CC(=O)OCC(=O)C1(CCC2C1(CC(C3C2CCC4=CC(=O)C=CC34C)O)C)O, R01AD02,Prednisolone acetate
CC(=O)OCC(=O)C1(CCC2C1(CC(C3C2CCC4=CC(=O)C=CC34C)O)C)O, S01BA04,Prednisolone acetate
CC(=O)OCC(=O)C1(CCC2C1(CC(C3C2CCC4=CC(=O)C=CC34C)O)C)O, S01CB02,Prednisolone acetate
CC(=O)OCC(=O)C1(CCC2C1(CC(C3C2CCC4=CC(=O)C=CC34C)O)C)O, S02BA03,Prednisolone acetate
CC(=O)OCC(=O)C1(CCC2C1(CC(C3C2CCC4=CC(=O)C=CC34C)O)C)O, S03BA02,Prednisolone acetate
CCOC1=CC=CC=C1OCCNC(C)CC2=CC(=C(C=C2)OC)S(=O)(=O)N.Cl,G04CA02,Tamsulosin hydrochloride
CC1=CC(=O)OC2=C1C=C3C=C(OC3=C2C)C,D05AD01,Trioxsalen
CC1=CC(=O)OC2=C1C=C3C=C(OC3=C2C)C, D05BA01,Trioxsalen
CN1CCC2=CC3=C(C(=C2C1C4C5=C(C(=C(C=C5)OC)OC)C(=O)O4)OC)OCO3,R05DA07,Noscapine
C1CCN2CC3CC(C2C1)CN4C3CCCC4,C01BA04,Sparteine
CS(=O)C,G04BX13,Dimethyl sulfoxide
CS(=O)C, M02AX03,Dimethyl sulfoxide
CC1=C(C(=O)C(=C(C1=O)OC)OC)CC=C(C)CCC=C(C)CCC=C(C)CCC=C(C)CCC=C(C)CCC=C(C)CCC=C(C)CCC=C(C)CCC=C(C)CCC=C(C)C,C01EB09,Ubidecarenone
C1=CC(=C(C(=C1)Cl)[N+](=O)[O-])C2=CNC=C2Cl,D01AA07,Pyrrolnitrin
C1CC(CCC1CN)C(=O)O,B02AA02,Tranexamic acid
C1=CC=C(C=C1)COC(=O)C2=CC=CC=C2,P03AX01,Benzyl benzoate
CC1=C(SC=[N+]1CC2=CN=C(N=C2N)C)CCOP(=O)(O)OP(=O)(O)O.[Cl-],A11DA01,Cocarboxylase
CC1CC=CC=CC(C(CC(C(C(C(CC(=O)O1)OC(=O)C)OC)OC2C(C(C(C(O2)C)OC3CC(C(C(O3)C)OC(=O)CC(C)C)(C)O)N(C)C)O)CC=O)C)O,J01FA07,Josamycin
CC1C(C(CC(O1)OC2CCC3(C(C2)CCC4C3CC(C5(C4(CCC5C6=CC(=O)OC6)O)C)O)C)O)OC7CC(C(C(O7)C)OC8CC(C(C(O8)C)OC9C(C(C(C(O9)CO)O)O)O)O)O,C01AA07,Deslanoside
C1C(C(OC1N2C=NC3=C(N=C(N=C32)Cl)N)CO)O,L01BB04,Cladribine
C1C(C(OC1N2C=NC3=C(N=C(N=C32)Cl)N)CO)O, L04AA40,Cladribine
CC(C)NCC(COC1=CC=C(C=C1)CC(=O)N)O,C07AB11,Esatenolol
CC1=C(C(=C(C2=C1OC(CC2)(C)CCCC(C)CCCC(C)CCCC(C)C)C)OC(=O)C)C,A11HA03,Tocopherol acetate
CC1=CC(=O)N(N1C)C2=CC=CC=C2,N02BB01,Antipyrine
CC1=CC(=O)N(N1C)C2=CC=CC=C2, S02DA03,Antipyrine
C1=CC=C(C(=C1)C(=O)N)O,N02BA05,Salicylamide
C1=CC=C(C=C1)CCCOC(=O)N,M03BA01,Phenprobamate
C(I)(I)I,D09AA13,Iodoform
CC(C)(C(Cl)(Cl)Cl)O,A04AD04,Chlorobutanol
CC1C(C(CC(O1)OC2CCC3(C(C2)CCC4C3CC(C5(C4(CCC5C6=CC(=O)OC6)O)C)O)C)O)OC7CC(C(C(O7)C)OC8CC(C(C(O8)C)OC9C(C(C(C(O9)CO)O)O)O)OC(=O)C)O,C01AA06,Lanatoside C
COC1=C(C=C2C(=C1)N=CN=C2NC3=CC(=C(C=C3)F)Cl)OCCCN4CCOCC4,L01EB01,Gefitinib
CC1=C(SC=[N+]1CC2=CN=C(N=C2N)C)CCO.Cl.[Cl-],A11DA01,Thiamine hydrochloride
C1CNCCN1.C(CCC(=O)O)CC(=O)O,P02CB01,Piperazine adipate
C=CCCCCCCCCC(=O)O,D01AE04,Undecylenic acid
CC1=NC=C(C(=C1O)CO)CO.Cl,A11HA02,Pyridoxine hydrochloride
C(CCN)CC(C(=O)O)N,B05XB03,Lysine
C(=CC(=O)O)C(=O)O,D05AX01,Fumaric acid
COC1=C(C=CC(=C1)NS(=O)(=O)C)NC2=C3C=CC=CC3=NC4=CC=CC=C42,L01XX01,Amsacrine
CC1=CC(=O)C2=CC=CC=C2C1=O,B02BA02,Menadione
CC(C)C(CCCN(C)CCC1=CC(=C(C=C1)OC)OC)(C#N)C2=CC(=C(C=C2)OC)OC,C08DA01,Verapamil
CC(C)NCC(COC1=CC=C(C=C1)CCOC)O,C07AB02,Metoprolol
CNC1CCC(C2=CC=CC=C12)C3=CC(=C(C=C3)Cl)Cl,N06AB06,Sertraline
CCN(CC)CCCC(C)NC1=C2C=CC(=CC2=NC=C1)Cl,P01BA01,Chloroquine
C1=CC(=CC=C1C(=O)O)N,D02BA01,Aminobenzoic acid
CC1CCC2C(C(=O)OC3C24C1CCC(O3)(OO4)C)C,P01BE01,Artemisinin
CC1CCC2C(C(OC3C24C1CCC(O3)(OO4)C)OC(=O)CCC(=O)O)C,P01BE03,Artesunate
CC1CCC2C(C(OC3C24C1CCC(O3)(OO4)C)OC)C,P01BE02,Artemether
CC1C(C(C(O1)OC2C(C(C(C(C2O)O)N=C(N)N)O)N=C(N)N)OC3C(C(C(C(O3)CO)O)O)NC)(CO)O.CC1C(C(C(O1)OC2C(C(C(C(C2O)O)N=C(N)N)O)N=C(N)N)OC3C(C(C(C(O3)CO)O)O)NC)(CO)O.OS(=O)(=O)O.OS(=O)(=O)O.OS(=O)(=O)O,S01AA15,Dihydrostreptomycin sulfate
C1C(C(C(C(C1NC(=O)C(CCN)O)OC2C(C(C(C(O2)CO)O)N)O)O)OC3C(C(C(C(O3)CN)O)O)O)N,D06AX12,Amikacin
C1C(C(C(C(C1NC(=O)C(CCN)O)OC2C(C(C(C(O2)CO)O)N)O)O)OC3C(C(C(C(O3)CN)O)O)O)N, J01GB06,Amikacin
C1C(C(C(C(C1NC(=O)C(CCN)O)OC2C(C(C(C(O2)CO)O)N)O)O)OC3C(C(C(C(O3)CN)O)O)O)N, S01AA21,Amikacin
CC1(COC(C(C1NC)O)OC2C(CC(C(C2O)OC3C(CC=C(O3)CN)N)N)N)O,J01GB08,Sisomicin
CC1C=CC=C(C(=O)NC2=CC(=C3C(=C2O)C(=C(C4=C3C(=O)C(O4)(OC=CC(C(C(C(C(C(C1O)C)O)C)OC(=O)C)C)OC)C)C)O)O)C,A07AA13,Rifamycin
CC1C=CC=C(C(=O)NC2=CC(=C3C(=C2O)C(=C(C4=C3C(=O)C(O4)(OC=CC(C(C(C(C(C(C1O)C)O)C)OC(=O)C)C)OC)C)C)O)O)C, D06AX15,Rifamycin
CC1C=CC=C(C(=O)NC2=CC(=C3C(=C2O)C(=C(C4=C3C(=O)C(O4)(OC=CC(C(C(C(C(C(C1O)C)O)C)OC(=O)C)C)OC)C)C)O)O)C, J04AB03,Rifamycin
CC1C=CC=C(C(=O)NC2=CC(=C3C(=C2O)C(=C(C4=C3C(=O)C(O4)(OC=CC(C(C(C(C(C(C1O)C)O)C)OC(=O)C)C)OC)C)C)O)O)C, S01AA16,Rifamycin
CC1C=CC=C(C(=O)NC2=CC(=C3C(=C2O)C(=C(C4=C3C(=O)C(O4)(OC=CC(C(C(C(C(C(C1O)C)O)C)OC(=O)C)C)OC)C)C)O)O)C, S02AA12,Rifamycin
CC1=CC=CC=C1OCC(CO)O,M03BX06,Mephenesin
COC1=CC(=CC(=C1O)OC)C2C3C(COC3=O)C(C4=CC5=C(C=C24)OCO5)OC6C(C(C7C(O6)COC(O7)C8=CC=CS8)O)O,L01CB02,Teniposide
CCC1(CC(C2=C(C3=C(C=C2C1C(=O)OC)C(=O)C4=C(C3=O)C(=CC=C4)O)O)OC5CC(C(C(O5)C)OC6CC(C(C(O6)C)OC7CCC(=O)C(O7)C)O)N(C)C)O,L01DB04,Aclarubicin
C1=NC(=C2C(=N1)N(C=N2)C3C(C(C(O3)COP(=O)(O)O)O)O)N,C01EB10,Adenosine phosphate
CC1=C(C(CCC1)(C)C)C=CC(=CC=CC(=CC(=O)O)C)C,D11AH04,Alitretinoin
CC1=C(C(CCC1)(C)C)C=CC(=CC=CC(=CC(=O)O)C)C, L01XF02,Alitretinoin
C(CCCC(=O)O)CCCC(=O)O,D10AX03,Azelaic acid
C1=CC=C(C=C1)C(=O)OOC(=O)C2=CC=CC=C2,D10AE01,Benzoyl peroxide
CC1=C(C(CCC1)(C)C)C=CC(=CC=CC(=CC=CC=C(C)C=CC=C(C)C=CC2=C(CCCC2(C)C)C)C)C,A11CA02,beta Carotene
CC1=C(C(CCC1)(C)C)C=CC(=CC=CC(=CC=CC=C(C)C=CC=C(C)C=CC2=C(CCCC2(C)C)C)C)C, D02BB01,beta Carotene
CN1CCCC1C2=CN=CC=C2,N07BA01,Nicotine
CCCCCCCCCCCCCCCC(=O)OCC(COP(=O)([O-])OCC[N+](C)(C)C)OC(=O)CCCCCCCCCCCCCCC,R07AA01,Colfosceril palmitate
C(CS)N,A16AA04,Cysteamine
C(CS)N, S01XA21,Cysteamine
CC(=O)N(CCCCCNC(=O)CCC(=O)N(CCCCCNC(=O)CCC(=O)N(CCCCCN)O)O)O,V03AC01,Deferoxamine
CN(C)C1C2CC3C(C4=C(C=CC(=C4C(=C3C(=O)C2(C(=C(C1=O)C(=O)N)O)O)O)O)Cl)O,D06AA01,Demeclocycline
CN(C)C1C2CC3C(C4=C(C=CC(=C4C(=C3C(=O)C2(C(=C(C1=O)C(=O)N)O)O)O)O)Cl)O, J01AA01,Demeclocycline
CC(C)CC1=CC=C(C=C1)C(C)C(=O)O,M01AE14,Dexibuprofen
CC(CC1=CC=CC=C1)N,N06BA02,Dextroamphetamine
C1=CC=C2C(=C1)C(=C(C(=O)O2)CC3=C(C4=CC=CC=C4OC3=O)O)O,B01AA01,Dicumarol
CCCCCCCCCCCCCCCCCCCCCCO,D06BB11,Docosanol
CC1C(C(CC(O1)OC2CC(CC3=C2C(=C4C(=C3O)C(=O)C5=C(C4=O)C(=CC=C5)OC)O)(C(=O)CO)O)N)O,L01DB01,Doxorubicin
CCCCCCCCCCCC(CC1C(C(=O)O1)CCCCCC)OC(=O)C(CC(C)C)NC=O,A08AB01,Orlistat
C1=CN=CC=C1N,N07XX07,Dalfampridine
CC1C(O1)P(=O)(O)O,J01XX01,Fosfomycin
CC1C(O1)P(=O)(O)O, S02AA17,Fosfomycin
CC1C2CCC3(C(C2(CCC1O)C)C(CC4C3(CC(C4=C(CCC=C(C)C)C(=O)O)OC(=O)C)C)O)C,D06AX01,Fusidic acid
CC1C2CCC3(C(C2(CCC1O)C)C(CC4C3(CC(C4=C(CCC=C(C)C)C(=O)O)OC(=O)C)C)O)C, D09AA02,Fusidic acid
CC1C2CCC3(C(C2(CCC1O)C)C(CC4C3(CC(C4=C(CCC=C(C)C)C(=O)O)OC(=O)C)C)O)C, J01XC01,Fusidic acid
CC1C2CCC3(C(C2(CCC1O)C)C(CC4C3(CC(C4=C(CCC=C(C)C)C(=O)O)OC(=O)C)C)O)C, S01AA13,Fusidic acid
C(C1C(C(C(C(O1)O)O)O)O)O,V04CE01,Galactose
CN1CCC23C=CC(CC2OC4=C(C=CC(=C34)C1)OC)O,N06DA04,Galantamine
CCC12C=CC3=C4CCC(=O)C=C4CCC3C1CCC2(C#C)O,G03XA02,Gestrinone
C(C1C(C(C(C(O1)O)N)O)O)O,M01AX05,Glucosamine
CC(CC(=O)O)(CC(=O)O)O,C10AX05,Meglutol
COC1=CC=C(C=C1)O,D11AX06,Mequinol
C1=NC2=C(N1)C(=S)N=CN2,L01BB02,Mercaptopurine
CN(C)C(=N)N=C(N)N,A10BA02,Metformin
CSCCC(C(=O)O)N,V03AB26,Racemethionine
COC(=O)C1=CN=CC=C1,C04AC01,Methyl nicotinate
COC(=O)C1=CN=CC=C1, C10AD02,Methyl nicotinate
CN(C)C1C2CC3CC4=C(C=CC(=C4C(=C3C(=O)C2(C(=C(C1=O)C(=O)N)O)O)O)O)N(C)C,A01AB23,Minocycline
CN(C)C1C2CC3CC4=C(C=CC(=C4C(=C3C(=O)C2(C(=C(C1=O)C(=O)N)O)O)O)O)N(C)C, D10AF07,Minocycline
CN(C)C1C2CC3CC4=C(C=CC(=C4C(=C3C(=O)C2(C(=C(C1=O)C(=O)N)O)O)O)O)N(C)C, J01AA08,Minocycline
CC1=C2COC(=O)C2=C(C(=C1OC)CC=C(C)CCC(=O)O)O,L04AA06,Mycophenolic acid
C1=CC(=CN=C1)CO,C04AC02,Nicotinyl alcohol
C1=CC(=CN=C1)CO, C10AD05,Nicotinyl alcohol
CCCCC(CC)COC(=O)C=CC1=CC=C(C=C1)OC,D02BA02,Octinoxate
CN1CCC23C4C(=O)CCC2(C1CC5=C3C(=C(C=C5)OC)O4)O,N02AA05,Oxycodone
C1=CC2=C(C(=C1)O)N=CC=C2,A01AB07,Oxyquinoline
C1=CC2=C(C(=C1)O)N=CC=C2, D08AH03,Oxyquinoline
C1=CC2=C(C(=C1)O)N=CC=C2, G01AC30,Oxyquinoline
C1=CC2=C(C(=C1)O)N=CC=C2, R02AA14,Oxyquinoline
COC1=C(C(=NC=C1)CS(=O)C2=NC3=C(N2)C=C(C=C3)OC(F)F)OC,A02BC02,Pantoprazole
CC1(C(C1C(=O)OCC2=CC(=CC=C2)OC3=CC=CC=C3)C=C(Cl)Cl)C,P03AC04,Permethrin
CC1=CC(=CC(=C1OCCCC2=CC(=NO2)C)C)C3=NOC(=N3)C(F)(F)F,J05AX06,Pleconaril
COC1=CC(=CC(=C1OC)OC)C2C3C(COC3=O)C(C4=CC5=C(C=C24)OCO5)O,D06BB04,Podofilox
C(C(C1C(=C(C(=O)O1)O)[O-])O)O.[Na+],A11GA01,Sodium ascorbate
C(C(C1C(=C(C(=O)O1)O)[O-])O)O.[Na+], G01AD03,Sodium ascorbate
CCCCCN=C(N)NN=CC1=CNC2=C1C=C(C=C2)OC,A06AX06,Tegaserod
CN1C2=C(C(=O)N(C1=O)C)NC=N2.O,R03DA04,Theophylline
C1=NC2=C(N1)C(=S)N=C(N2)N.O,L01BB03,Thioguanine
CN(C)C(=S)SSC(=S)N(C)C,P03AA05,Thiram
C1=CC(=C(C=C1Cl)O)OC2=C(C=C(C=C2)Cl)Cl,D08AE04,Triclosan
C1=CC(=C(C=C1Cl)O)OC2=C(C=C(C=C2)Cl)Cl, D09AA06,Triclosan
C1=NC(=C2C(=N1)N(C=N2)C3C(C(C(O3)CO)O)O)N,J05AB03,Vidarabine
C1=NC(=C2C(=N1)N(C=N2)C3C(C(C(O3)CO)O)O)N, S01AD06,Vidarabine
C1=CC=C(C=C1)NC(=O)CCCCCCC(=O)NO,L01XH01,Vorinostat
CC(C)C=CCCCCC(=O)NCC1=CC(=C(C=C1)O)OC,M02AB02,Zucapsaicin
C1=CC(=CC=C1C(=O)NCC(=O)O)N,V04CH30,Aminohippuric acid
CCCS(=O)C1=CC2=C(C=C1)N=C(N2)NC(=O)OC,P02CA03,Albendazole oxide
CNCC(C1=CC=C(C=C1)O)O,C01CA08,Oxedrine
CNCC(C1=CC=C(C=C1)O)O, S01GA06,Oxedrine
CC(C)NCC(COC1=CC=CC=C1CC=C)O,C07AA01,Alprenolol
CC(CCCC(C)(C)O)N,C01DX08,Heptaminol
CN1CCC(CC1)N(CC2=CC=CC=C2)C3=CC=CC=C3,D04AA15,Bamipine
CN1CCC(CC1)N(CC2=CC=CC=C2)C3=CC=CC=C3, R06AX01,Bamipine
CCCCCC=CCC=CCC=CCCCCC(=O)O,D11AX02,Gamolenic acid
C1COCCN1C(=N)N=C(N)N,J05AX01,Moroxydine
COC(=O)C(CC1=CC(=C(C=C1)O)O)N,N04BA04,Melevodopa
C1=CC2=C(C=C1O)C(=CN2)CC(C(=O)O)N,N06AX01,Oxitriptan
C[N+](C)(C)CCOP(=O)([O-])OCC(CO)O,N07AX02,Choline alfoscerate
COC1=C(C=C(C=C1)CC2=NC=CC3=CC(=C(C=C32)OC)OC)OC,A03AD01,Papaverine
COC1=C(C=C(C=C1)CC2=NC=CC3=CC(=C(C=C32)OC)OC)OC, G04BE02,Papaverine
C1C(C(C(C(C1N)OC2C(C(C(C(O2)CO)O)O)N)OC3C(C(C(O3)CO)OC4C(C(C(C(O4)CN)O)O)N)O)O)N,A07AA06,Paromomycin
CC(C)C1=C(C(=C(N1CCC(CC(CC(=O)O)O)O)C2=CC=C(C=C2)F)C3=CC=CC=C3)C(=O)NC4=CC=CC=C4,C10AA05,Atorvastatin
CN(C)CCC(C1=CC=C(C=C1)Br)C2=CC=CC=N2,R06AB01,Brompheniramine
C(CC(=O)O)C(=O)CN,L01XD04,Aminolevulinic acid
CC(C(C1=CC=CC=C1)O)N,A08AA07,Cathine
CC=CC1=C(N2C(C(C2=O)NC(=O)C(C3=CC=C(C=C3)O)N)SC1)C(=O)O,J01DC10,Cefprozil
C1=CC(=CC=C1NC(=NC(=NCCCCCCN=C(N)N=C(N)NC2=CC=C(C=C2)Cl)N)N)Cl,A01AB03,Chlorhexidine
C1=CC(=CC=C1NC(=NC(=NCCCCCCN=C(N)N=C(N)NC2=CC=C(C=C2)Cl)N)N)Cl, B05CA02,Chlorhexidine
C1=CC(=CC=C1NC(=NC(=NCCCCCCN=C(N)N=C(N)NC2=CC=C(C=C2)Cl)N)N)Cl, D08AC02,Chlorhexidine
C1=CC(=CC=C1NC(=NC(=NCCCCCCN=C(N)N=C(N)NC2=CC=C(C=C2)Cl)N)N)Cl, D09AA12,Chlorhexidine
C1=CC(=CC=C1NC(=NC(=NCCCCCCN=C(N)N=C(N)NC2=CC=C(C=C2)Cl)N)N)Cl, R02AA05,Chlorhexidine
C1=CC(=CC=C1NC(=NC(=NCCCCCCN=C(N)N=C(N)NC2=CC=C(C=C2)Cl)N)N)Cl, S01AX09,Chlorhexidine
C1=CC(=CC=C1NC(=NC(=NCCCCCCN=C(N)N=C(N)NC2=CC=C(C=C2)Cl)N)N)Cl, S02AA09,Chlorhexidine
C1=CC(=CC=C1NC(=NC(=NCCCCCCN=C(N)N=C(N)NC2=CC=C(C=C2)Cl)N)N)Cl, S03AA04,Chlorhexidine
CC1(C2CC3C(C(=O)C(=C(C3(C(=O)C2=C(C4=C(C=CC(=C41)Cl)O)O)O)O)C(=O)N)N(C)C)O,A01AB21,Chlortetracycline
CC1(C2CC3C(C(=O)C(=C(C3(C(=O)C2=C(C4=C(C=CC(=C41)Cl)O)O)O)O)C(=O)N)N(C)C)O, D06AA02,Chlortetracycline
CC1(C2CC3C(C(=O)C(=C(C3(C(=O)C2=C(C4=C(C=CC(=C41)Cl)O)O)O)O)C(=O)N)N(C)C)O, J01AA03,Chlortetracycline
CC1(C2CC3C(C(=O)C(=C(C3(C(=O)C2=C(C4=C(C=CC(=C41)Cl)O)O)O)O)C(=O)N)N(C)C)O, S01AA02,Chlortetracycline
CC1C(C(CC(O1)OC2CC(CC3=C2C(=C4C(=C3O)C(=O)C5=C(C4=O)C(=CC=C5)OC)O)(C(=O)C)O)N)O,L01DB02,Daunorubicin
CN1CCC23C4C1CC5=C2C(=C(C=C5)OC)OC3C(CC4)O,N02AA08,Dihydrocodeine
CC1C(C(C(O1)OC2C(C(C(C(C2O)O)N=C(N)N)O)N=C(N)N)OC3C(C(C(C(O3)CO)O)O)NC)(CO)O,S01AA15,Dihydrostreptomycin
CC1C(C(C(C(O1)OCC2C(C(C(C(O2)OC3=CC(=C4C(=C3)OC(=CC4=O)C5=CC(=C(C=C5)OC)O)O)O)O)O)O)O)O,C05CA03,Diosmin
C1=CC(=C(C=C1CCN)O)O,C01CA04,Dopamine
CC1C(C(CC(O1)OC2CC(CC3=C2C(=C4C(=C3O)C(=O)C5=C(C4=O)C(=CC=C5)OC)O)(C(=O)CO)O)N)O,L01DB03,Epirubicin
CC1(C(=O)N2C(C(=O)N3CCCC3C2(O1)O)CC4=CC=CC=C4)NC(=O)C5CN(C6CC7=CNC8=CC=CC(=C78)C6=C5)C,G02AB02,Ergotamine
CC1(C(=O)N2C(C(=O)N3CCCC3C2(O1)O)CC4=CC=CC=C4)NC(=O)C5CN(C6CC7=CNC8=CC=CC(=C78)C6=C5)C, N02CA02,Ergotamine
CN(C)CCCC1(C2=C(CO1)C=C(C=C2)C#N)C3=CC=C(C=C3)F,N06AB10,Escitalopram
CCOC1=C2C3=C(CC4C5C3(CCN4C)C(O2)C(C=C5)O)C=C1,R05DA01,Ethylmorphine
CCOC1=C2C3=C(CC4C5C3(CCN4C)C(O2)C(C=C5)O)C=C1, S01XA06,Ethylmorphine
CC(C)(C1=CC=C(C=C1)C(CCCN2CCC(CC2)C(C3=CC=CC=C3)(C4=CC=CC=C4)O)O)C(=O)O,R06AX26,Fexofenadine
CC(C1CCC(C(O1)OC2C(CC(C(C2O)OC3C(C(C(CO3)(C)O)NC)O)N)N)N)NC,D06AX07,Gentamicin
CC(C1CCC(C(O1)OC2C(CC(C(C2O)OC3C(C(C(CO3)(C)O)NC)O)N)N)N)NC, J01GB03,Gentamicin
CC(C1CCC(C(O1)OC2C(CC(C(C2O)OC3C(C(C(CO3)(C)O)NC)O)N)N)N)NC, S01AA11,Gentamicin
CC(C1CCC(C(O1)OC2C(CC(C(C2O)OC3C(C(C(CO3)(C)O)NC)O)N)N)N)NC, S02AA14,Gentamicin
CC(C1CCC(C(O1)OC2C(CC(C(C2O)OC3C(C(C(CO3)(C)O)NC)O)N)N)N)NC, S03AA06,Gentamicin
CN1CCC23C4C1CC5=C2C(=C(C=C5)OC)OC3C(=O)CC4,R05DA03,Hydrocodone
CC(=O)C1(CCC2C1(CCC3C2CCC4=CC(=O)CCC34C)C)O,G03DA03,Hydroxyprogesterone
CC(C(C1=CC=C(C=C1)O)O)N2CCC(CC2)CC3=CC=CC=C3,C04AX28,Ifenprodil
C1(C(C(C(C(C1O)O)O)O)O)O,A11HA07,Inositol
C1CSC2=NC(CN21)C3=CC=CC=C3,P02CE01,Levamisole
CC1COC2=C3N1C=C(C(=O)C3=CC(=C2N4CCN(CC4)C)F)C(=O)O,J01MA12,Levofloxacin
CC1COC2=C3N1C=C(C(=O)C3=CC(=C2N4CCN(CC4)C)F)C(=O)O, S01AE05,Levofloxacin
CN(C)C(=O)C(CCN1CCC(CC1)(C2=CC=C(C=C2)Cl)O)(C3=CC=CC=C3)C4=CC=CC=C4,A07DA03,Loperamide
CC(=O)NCCC1=CNC2=C1C=C(C=C2)OC,N05CH01,Melatonin
COC1C(CC2CN3CCC4=C(C3CC2C1C(=O)OC)NC5=CC=CC=C45)OC(=O)C6=CC(=C(C(=C6)OC)OC)OC,C02AA05,Deserpidine
CC(CC1=CC(=C(C=C1)O)O)(C(=O)O)N,C02AB01,Methyldopa
CN1CCC23C4C1CC5=C2C(=C(C=C5)O)OC3C(C=C4)O,N02AA01,Morphine
C=CCN1CCC23C4C1CC5=C2C(=C(C=C5)O)OC3C(C=C4)O,V03AB02,Nalorphine
C=CCN1CCC23C4C(=O)CCC2(C1CC5=C3C(=C(C=C5)O)O4)O,A06AH04,Naloxone
C=CCN1CCC23C4C(=O)CCC2(C1CC5=C3C(=C(C=C5)O)O4)O, V03AB15,Naloxone
CC12CCC3C(C1CCC2O)CCC4=CC(=O)CCC34,A14AB01,Nandrolone
CC12CCC3C(C1CCC2O)CCC4=CC(=O)CCC34, S01XA11,Nandrolone
C(C1C(C(C(C(O1)OC(C(CO)O)C(C(CO)O)O)O)O)O)O,A06AD12,Lactitol
CC1=C(C(C(=C(N1)C)C(=O)OCCN(C)CC2=CC=CC=C2)C3=CC(=CC=C3)[N+](=O)[O-])C(=O)OC,C08CA04,Nicardipine
C1C(=O)NC2=C(C=C(C=C2)Cl)C(=N1)C3=CC=CC=C3,N05BA16,Nordazepam
CNCCC=C1C2=CC=CC=C2CCC3=CC=CC=C31,N06AA10,Nortriptyline
CCC(CC)OC1C=C(CC(C1NC(=O)C)N)C(=O)OCC,J05AH02,Oseltamivir
CCCCC1C(=O)N(N(C1=O)C2=CC=C(C=C2)O)C3=CC=CC=C3,M01AA03,Oxyphenbutazone
CCCCC1C(=O)N(N(C1=O)C2=CC=C(C=C2)O)C3=CC=CC=C3, M02AA04,Oxyphenbutazone
CCCCC1C(=O)N(N(C1=O)C2=CC=C(C=C2)O)C3=CC=CC=C3, S01BC02,Oxyphenbutazone
CC(=CC1C(C1(C)C)C(=O)OCC2=CC(=CC=C2)OC3=CC=CC=C3)C,P03AC03,Phenothrin
CNCC(C1=CC(=CC=C1)O)O,C01CA06,Phenylephrine
CNCC(C1=CC(=CC=C1)O)O, C05AX06,Phenylephrine
CNCC(C1=CC(=CC=C1)O)O, R01AA04,Phenylephrine
CNCC(C1=CC(=CC=C1)O)O, R01AB01,Phenylephrine
CNCC(C1=CC(=CC=C1)O)O, R01BA03,Phenylephrine
CNCC(C1=CC(=CC=C1)O)O, S01FB01,Phenylephrine
CNCC(C1=CC(=CC=C1)O)O, S01GA05,Phenylephrine
CC(C(C1=CC=CC=C1)O)N,R01BA01,Phenylpropanolamine
CC12CCC3C(C1CCC2=O)CC=C4C3(CCC(C4)O)C,A14AA07,Prasterone
CC12CCC3C(C1CCC2=O)CC=C4C3(CCC(C4)O)C, G03XX01,Prasterone
CC(CCCN)NC1=C2C(=CC(=C1)OC)C=CC=N2,P01BA03,Primaquine
CCN(CC)CCOC(=O)C1=CC=C(C=C1)N,C05AD05,Procaine
CCN(CC)CCOC(=O)C1=CC=C(C=C1)N, N01BA02,Procaine
CCN(CC)CCOC(=O)C1=CC=C(C=C1)N, S01HA05,Procaine
CC(C)NCC(COC1=CC=CC2=CC=CC=C21)O,C07AA05,Propranolol
CC(C(C1=CC=CC=C1)O)NC,R01BA02,Pseudoephedrine
CC1=NC=C(C(=C1O)CO)CO,A11HA02,Pyridoxine
C1CN(CCN1CCOCCO)C2=NC3=CC=CC=C3SC4=CC=CC=C42,N05AH04,Quetiapine
COC1=CC2=C(C=CN=C2C=C1)C(C3CC4CCN3CC4C=C)O,C01BA01,Quinidine
COC1=CC2=C(C=CN=C2C=C1)C(C3CC4CCN3CC4C=C)O,P01BC01,Quinine
C1CCN(CC1)CCOC2=CC=C(C=C2)C(=O)C3=C(SC4=C3C=CC(=C4)O)C5=CC=C(C=C5)O,G03XC01,Raloxifene
C1C(C(C(C(C1N)OC2C(C(C(C(O2)CN)O)O)N)OC3C(C(C(O3)CO)O)O)O)N,J01GB10,Ribostamycin
C1=CC(=CN=C1)CC(O)(P(=O)(O)O)P(=O)(O)O,M05BA07,Risedronic acid
CC(C(C1CNC2=C(N1)C(=O)NC(=N2)N)O)O,A16AX07,Sapropterin
COC1=C(C=CC(=C1)C2C(OC3=C(O2)C=C(C=C3)C4C(C(=O)C5=C(C=C(C=C5O4)O)O)O)CO)O,A05BA03,Silibinin
CC1=CCC(CC1O)C(C)(C)O,R05CB07,Sobrerol
C1CN2CCC1C(C2)OC(=O)N3CCC4=CC=CC=C4C3C5=CC=CC=C5,G04BD08,Solifenacin
CC1CC(=O)C2(C(O1)OC3C(C(C(C(C3O2)NC)O)NC)O)O,J01XX04,Spectinomycin
CC1C(C(C(O1)OC2C(C(C(C(C2O)O)N=C(N)N)O)N=C(N)N)OC3C(C(C(C(O3)CO)O)O)NC)(C=O)O,A07AA04,Streptomycin
CC1C(C(C(O1)OC2C(C(C(C(C2O)O)N=C(N)N)O)N=C(N)N)OC3C(C(C(C(O3)CO)O)O)NC)(C=O)O, J01GA01,Streptomycin
C1CC(=O)NC1=O,G04BX10,Succinimide
C1=CC(=CC=C1N)S(=O)(=O)N,D06BA05,Sulfanilamide
C1=CC(=CC=C1N)S(=O)(=O)N, J01EB06,Sulfanilamide
CCN(CC)CCNC(=O)C1=C(NC(=C1C)C=C2C3=C(C=CC(=C3)F)NC2=O)C,L01EX01,Sunitinib
CC1CC(C2C(CC(C(O2)(C(=O)C(=O)N3CCCCC3C(=O)OC(C(C(CC(=O)C(C=C(C1)C)CC=C)O)C)C(=CC4CCC(C(C4)OC)O)C)O)C)OC)OC,D11AH01,Tacrolimus
CC1CC(C2C(CC(C(O2)(C(=O)C(=O)N3CCCCC3C(=O)OC(C(C(CC(=O)C(C=C(C1)C)CC=C)O)C)C(=CC4CCC(C(C4)OC)O)C)O)C)OC)OC, L04AD02,Tacrolimus
CCOC1=CC=CC=C1OCCNC(C)CC2=CC(=C(C=C2)OC)S(=O)(=O)N,G04CA02,Tamsulosin
CC(C)(C)NCC(C1=CC(=CC(=C1)O)O)O,R03AC03,Terbutaline
CC(C)(C)NCC(C1=CC(=CC(=C1)O)O)O, R03CC03,Terbutaline
CC1=C(SC=[N+]1CC2=CN=C(N=C2N)C)CCO.[Cl-],A11DA01,Thiamine
CC1=C(SC=[N+]1CC2=CN=C(N=C2N)C)CCOP(=O)(O)O.[Cl-],A11DA01,Monophosphothiamine
C1CN=C(N1)CC2=CC=CC=C2,C04AB02,Tolazoline
C1CN=C(N1)CC2=CC=CC=C2, M02AX02,Tolazoline
CN1CCN(CC1)CCCN2C3=CC=CC=C3SC4=C2C=C(C=C4)C(F)(F)F,N05AB06,Trifluoperazine
CN(C)CC(C1=CC=C(C=C1)OC)C2(CCCCC2)O,N06AX16,Venlafaxine
CCC1(CC2CC(C3=C(CCN(C2)C1)C4=CC=CC=C4N3)(C5=C(C=C6C(=C5)C78CCN9C7C(C=CC9)(C(C(C8N6C)(C(=O)OC)O)OC(=O)C)CC)OC)C(=O)OC)O,L01CA01,Vinblastine
CCC12CCCN3C1C4=C(CC3)C5=CC=CC=C5N4C(C2)(C(=O)OC)O,C04AX07,Vincamine
CCC1(CC2CC(C3=C(CCN(C2)C1)C4=CC=CC=C4N3)(C5=C(C=C6C(=C5)C78CCN9C7C(C=CC9)(C(C(C8N6C=O)(C(=O)OC)O)OC(=O)C)CC)OC)C(=O)OC)O,L01CA02,Vincristine
CC(=O)CC(C1=CC=CC=C1)C2=C(C3=CC=CC=C3OC2=O)O,B01AA03,Warfarin
COC(=O)C1C(CCC2C1CC3C4=C(CCN3C2)C5=CC=CC=C5N4)O,G04BE04,Yohimbine
CC(C(O)C1=CC=C(O)C=C1)N1CCC(CC2=CC=CC=C2)CC1,C04AX28,Ifenprodil
CN(C)[C@H]1[C@@H]2C[C@@H]3CC4=C(C(O)=CC=C4N(C)C)C(=O)C3=C(O)[C@]2(O)C(=O)C(C(N)=O)=C1O,J01AA08,Minocycline
COC1=C(OC)C=C(CCN(C)CCCC(C#N)(C(C)C)C2=CC(OC)=C(OC)C=C2)C=C1,C08DA51,Verapamil
OC(=O)C1=CN(C2CC2)C2=CC(N3CCNCC3)=C(F)C=C2C1=O,S02AA15,Ciprofloxacin
CN(C)[C@H]1[C@@H]2C[C@H]3C(=C(O)[C@]2(O)C(=O)C(C(N)=O)=C1O)C(=O)C1=C(C=CC=C1O)[C@@]3(C)O,S01AA09,Tetracycline
CC(C)CC1=CC=C(C=C1)C(C)C(O)=O,G02CC01,Ibuprofen
IC(I)I,D09AA13,Iodoform
CN(C)C(=N)NC(N)=N,A10BD11,Metformin
NCC(O)=O,B05CX03,Glycine
COC1=C2C(=O)C3=C(C(O)=C4C[C@](O)(C[C@H](O[C@H]5C[C@H](N)[C@H](O)[C@H](C)O5)C4=C3O)C(=O)CO)C(=O)C2=CC=C1,L01DB01,Doxorubicin
NC1=NC=NC2=C1N=CN2[C@@H]1O[C@H](CO)[C@@H](O)[C@@H]1O,J05AB03,Vidarabine
OC1=CC(O)=CC=C1,D10AX02,Resorcinol
COC(=O)C1=C(C)NC(C)=C(C1C1=C(C=CC=C1)[N+]([O-])=O)C(=O)OC,C08CA05,Nifedipine
OCC1=CC=CC=C1,P03AX06,Benzyl alcohol
CC(=O)N1CCN(CC1)C1=CC=C(OCC2COC(CN3C=CN=C3)(O2)C2=C(Cl)C=C(Cl)C=C2)C=C1,J02AB02,Ketoconazole
C[C@]12CC[C@H]3[C@@H](CCC4=CC(=O)CC[C@H]34)[C@@H]1CC[C@@H]2O,S01XA11,Nandrolone
C[C@]12CC[C@H]3[C@@H](CC=C4C[C@@H](O)CC[C@]34C)[C@@H]1CCC2=O,A14AA07,Prasterone
CN[C@H]1[C@H](O)[C@@H](O)[C@H](CO)O[C@H]1O[C@H]1[C@H](O[C@H]2[C@H](O)[C@@H](O)[C@H](NC(N)=N)[C@@H](O)[C@@H]2NC(N)=N)O[C@@H](C)[C@]1(O)C=O,J01GA01,Streptomycin
CC(C)=CC1C(C(=O)OCC2=CC(OC3=CC=CC=C3)=CC=C2)C1(C)C,P03AC03,Phenothrin
C[C@]12CC[C@H]3[C@@H](CCC4=C3C=CC(O)=C4)[C@@H]1CC[C@@H]2O,G03FB10,Estradiol
CO[C@H]1\C=C\O[C@@]2(C)OC3=C(C)C(O)=C4C(O)=C(NC(=O)\C(C)=C/C=C/[C@H](C)[C@H](O)[C@@H](C)[C@@H](O)[C@@H](C)[C@H](OC(C)=O)[C@@H]1C)C=C(O)C4=C3C2=O,S01AA16,Rifamycin
NCCC1=NNC=C1,V04CG02,Betazole
ClC1=CC=C(NC(=N)NC(=N)NCCCCCCNC(=N)NC(=N)NC2=CC=C(Cl)C=C2)C=C1,D09AA12,Chlorhexidine
OC(=O)C1=CC=CC=C1O,N02BA04,Salicylic acid
CC1=NC=C(N1CCO)[N+]([O-])=O,G01AF01,Metronidazole
CC(C)NCC(O)COC1=CC=C(CC(N)=O)C=C1,C07CB03,Atenolol
[O-][N+](=O)O[C@@H]1CO[C@@H]2[C@H](CO[C@H]12)O[N+]([O-])=O,C05AE02,Isosorbide dinitrate
COC1=C2C(=O)C3=C(C(O)=C4C[C@](O)(C[C@H](O[C@H]5C[C@H](N)[C@@H](O)[C@H](C)O5)C4=C3O)C(=O)CO)C(=O)C2=CC=C1,L01DB03,Epirubicin
NC[C@H]1O[C@H](O[C@@H]2[C@@H](N)C[C@@H](N)[C@H](O[C@H]3O[C@H](CO)[C@@H](O)[C@H](N)[C@H]3O)[C@H]2O)[C@H](N)C[C@@H]1O,J01GB01,Tobramycin
S=C1N=CNC2=C1NC=N2,L01BB02,Mercaptopurine
CC1=C(CCO)SC=[N+]1CC1=CN=C(C)N=C1N,A11DA01,Thiamine
CC(C)CC1=CC=C(C=C1)C(C)C(O)=O,N02AJ08,Ibuprofen
CC1=NC=C(N1CCO)[N+]([O-])=O,P01AB51,Metronidazole
CC(C)C1=C(C(=O)NC2=CC=CC=C2)C(=C(N1CC[C@@H](O)C[C@@H](O)CC(O)=O)C1=CC=C(F)C=C1)C1=CC=CC=C1,C10BX12,Atorvastatin
CC(C)\N=C1/C=C2N(C3=CC=C(Cl)C=C3)C3=CC=CC=C3N=C2C=C1NC1=CC=C(Cl)C=C1,J04BA01,Clofazimine
CC(=O)N[C@@H](CS)C(O)=O,R05CB01,Acetylcysteine
NC1=NC(=O)N(C=C1)[C@@H]1CS[C@H](CO)O1,J05AR11,Lamivudine
C[C@@H]1CC[C@H]2[C@@H](C)[C@H](OC(=O)CCC(O)=O)O[C@@H]3O[C@@]4(C)CC[C@@H]1[C@@]23OO4,P01BF03,Artesunate
C[C@]12C[C@H](O)[C@@]3(F)[C@@H](CCC4=CC(=O)C=C[C@]34C)[C@@H]1C[C@@H](O)[C@]2(O)C(=O)CO,R01AD11,Triamcinolone
CN1C[C@@H](C=C2[C@H]1CC1=CNC3=CC=CC2=C13)C(=O)N[C@]1(C)O[C@@]2(O)[C@@H]3CCCN3C(=O)[C@H](CC3=CC=CC=C3)N2C1=O,N02CA52,Ergotamine
CCCCC(CC)COC(=O)C=CC1=CC=C(OC)C=C1,D02BA02,Octinoxate
NC1=NC(=O)C2=C(NCC(CNC3=CC=C(C=C3)C(=O)N[C@@H](CCC(O)=O)C(O)=O)N2C=O)N1,V03AF03,Leucovorin
CC(C)(CO)[C@@H](O)C(=O)NCCCO,A11HA30,Dexpanthenol
NNC(=O)C1=CC=NC=C1,J04AC51,Isoniazid
C[C@]12C[C@H](O)[C@@]3(F)[C@@H](CCC4=CC(=O)C=C[C@]34C)[C@@H]1C[C@@H](O)[C@]2(O)C(=O)CO,R03BA06,Triamcinolone
CO[C@H]1\C=C\O[C@@]2(C)OC3=C(C2=O)C2=C(C(O)=C3C)C(=O)C(NC(=O)\C(C)=C/C=C/[C@H](C)[C@H](O)[C@@H](C)[C@@H](O)[C@@H](C)[C@H](OC(C)=O)[C@@H]1C)=C1NC3(CCN(CC(C)C)CC3)N=C21,J04AB04,Rifabutin
C1CN2C[C@@H](N=C2S1)C1=CC=CC=C1,P02CE01,Levamisole
C[C@H]1O[C@@H](O[C@@H]2C[C@@H]3O[C@@](O)(C[C@H](O)[C@H]3C(O)=O)C[C@@H](O)C[C@@H](O)[C@H](O)CC[C@@H](O)C[C@@H](O)CC(=O)O[C@@H](C)[C@H](C)[C@H](O)[C@@H](C)\C=C\C=C\C=C\C=C\C=C\C=C\C=C\2)[C@@H](O)[C@@H](N)[C@@H]1O,J02AA01,Amphotericin B
CN(C)C(=N)NC(N)=N,A10BD15,Metformin
COC1=CC=C2C[C@@H]3[C@@H]4CCC(=O)[C@@H]5OC1=C2[C@]45CCN3C,R05DA03,Hydrocodone
NC[C@H]1O[C@H](O[C@@H]2[C@@H](N)C[C@@H](N)[C@H](O[C@H]3O[C@H](CO)[C@@H](O)[C@H](N)[C@H]3O)[C@H]2O)[C@H](O)[C@@H](O)[C@@H]1O,J01GB04,Kanamycin
NC1=NC(=O)N(C=C1)[C@@H]1CS[C@H](CO)O1,J05AR13,Lamivudine
OC(=O)P(O)(O)=O,J05AD01,Foscarnet
C[C@@H](O)[C@@H]1NC(=O)[C@H](CC2=CC=CC=C2)NC(=O)[C@@H](NC(=O)[C@H](CCCCN)NC(=O)[C@H](CC2=CNC3=C2C=CC=C3)NC(=O)[C@H](CC2=CC=CC=C2)NC(=O)[C@H](CC2=CC=CC=C2)NC(=O)[C@H](CC(N)=O)NC(=O)[C@H](CCCCN)NC(=O)[C@H](CSSC[C@H](NC(=O)[C@H](CO)NC1=O)C(O)=O)NC(=O)CNC(=O)[C@H](C)N)[C@@H](C)O,H01CB01,Somatostatin
NC[C@H]1CC[C@@H](CC1)C(O)=O,B02AA02,Tranexamic acid
C[C@]12CC[C@H]3[C@@H](CC=C4C[C@@H](O)CC[C@]34C)[C@@H]1CCC2=O,G03EA03,Prasterone
C[C@]12CC[C@H]3[C@@H](CCC4=C3C=CC(O)=C4)[C@@H]1CC[C@@H]2O,G03CA03,Estradiol
CCN(CC)CCOC(=O)C1=CC=C(N)C=C1,S01HA05,Procaine
NCC[C@H](O)C(=O)N[C@@H]1C[C@H](N)[C@@H](O[C@H]2O[C@H](CN)[C@@H](O)[C@H](O)[C@H]2O)[C@H](O)[C@H]1O[C@H]1O[C@H](CO)[C@@H](O)[C@H](N)[C@H]1O,J01GB06,Amikacin
NC1=NC(=O)C2=NC(CNC3=CC=C(C=C3)C(=O)N[C@@H](CCC(O)=O)C(O)=O)=CNC2=N1,B03AE01,Folic acid
CN(C)[C@H]1[C@@H]2C[C@H]3C(=C(O)[C@]2(O)C(=O)C(C(N)=O)=C1O)C(=O)C1=C(C=CC=C1O)[C@@]3(C)O,A02BD02,Tetracycline
O=C1CCC(=O)N1,G04BX10,Succinimide
COC1=CC=C2C[C@@H]3[C@@H]4C=C[C@H](O)[C@@H]5OC1=C2[C@]45CCN3C,N02AJ07,Codeine
NC[C@H]1O[C@H](O[C@@H]2[C@@H](N)C[C@@H](N)[C@H](O[C@H]3O[C@H](CO)[C@@H](O)[C@H](N)[C@H]3O)[C@H]2O)[C@H](O)[C@@H](O)[C@@H]1O,S01AA24,Kanamycin
OC[C@@H](NC(=O)C(Cl)Cl)[C@H](O)C1=CC=C(C=C1)[N+]([O-])=O,J01BA01,Chloramphenicol
CC1C2CC3=CC=C(O)C=C3C1(C)CCN2CC=C(C)C,N02AD01,Pentazocine
NC1=NC(=O)N(C=C1)[C@@H]1CS[C@H](CO)O1,J05AR04,Lamivudine
CCN(CC)CCOC(=O)C1=CC=C(N)C=C1,N01BA52,Procaine
CC(=O)O[C@@H]1C2=C(C)[C@H](C[C@@](O)([C@@H](OC(=O)C3=CC=CC=C3)[C@@H]3[C@@]4(CO[C@@H]4C[C@H](O)[C@@]3(C)C1=O)OC(C)=O)C2(C)C)OC(=O)[C@H](O)[C@@H](NC(=O)C1=CC=CC=C1)C1=CC=CC=C1,L01CD01,Paclitaxel
CN(C)[C@H]1[C@@H]2C[C@@H]3[C@H](O)C4=C(Cl)C=CC(O)=C4C(=O)C3=C(O)[C@]2(O)C(=O)C(C(N)=O)=C1O,J01AA20,Demeclocycline
CC[C@]12C=CC3=C4CCC(=O)C=C4CC[C@H]3[C@@H]1CC[C@@]2(O)C#C,G03XA02,Gestrinone
COC1=CC(=CC(OC)=C1O)[C@H]1[C@@H]2[C@H](COC2=O)[C@H](O[C@@H]2O[C@@H]3CO[C@@H](C)O[C@H]3[C@H](O)[C@H]2O)C2=C1C=C1OCOC1=C2,L01CB01,Etoposide
NC(=O)[C@@H]1CCCN1C(=O)[C@H](CC1=CNC=N1)NC(=O)[C@@H]1CCC(=O)N1,V04CJ02,Protirelin
COC1=C(NC2=C3C=CC=CC3=NC3=CC=CC=C23)C=CC(NS(C)(=O)=O)=C1,L01XX01,Amsacrine
CO[C@H]1[C@@H](C[C@@H]2CN3CCC4=C(NC5=C4C=CC(OC)=C5)[C@H]3C[C@@H]2[C@@H]1C(=O)OC)OC(=O)\C=C\C1=CC(OC)=C(OC)C(OC)=C1,C02LA02,Rescinnamine
CCOC1=C(OCCN[C@H](C)CC2=CC(=C(OC)C=C2)S(N)(=O)=O)C=CC=C1,G04CA54,Tamsulosin
CN1CCC(CC1)N(CC1=CC=CC=C1)C1=CC=CC=C1,D04AA15,Bamipine
COCCC1=CC=C(OCC(O)CNC(C)C)C=C1,C07CB02,Metoprolol
OC[C@@H](O)[C@@H](O)[C@H](O)[C@H](O)CO,R05CB16,Mannitol
CC(C(O)=O)C1=CC=CC(=C1)C(=O)C1=CC=CC=C1,M01AE03,Ketoprofen
CN1C=NC2=C1C(=O)N(C)C(=O)N2C,V04CG30,Caffeine
CN(C)CCOC(C1=CC=CC=C1)C1=CC=CC=C1,R06AA02,Diphenhydramine
CCC1=C(C)CN(C(=O)NCCC2=CC=C(C=C2)S(=O)(=O)NC(=O)N[C@H]2CC[C@H](C)CC2)C1=O,A10BB12,Glimepiride
CC[C@@]12CCCN3CCC4=C([C@H]13)N(C1=CC=CC=C41)[C@](O)(C2)C(=O)OC,C04AX07,Vincamine
CN(C)CCOC(C1=CC=CC=C1)C1=CC=CC=C1,D04AA32,Diphenhydramine
COC1=CC=NC(CS(=O)C2=NC3=C(N2)C=C(OC(F)F)C=C3)=C1OC,A02BD11,Pantoprazole
NC1=C2N=CN([C@H]3C[C@H](O)[C@@H](CO)O3)C2=NC(Cl)=N1,L04AA40,Cladribine
C[C@]12CC[C@H]3[C@@H](CCC4=C3C=CC(O)=C4)[C@@H]1CC[C@@H]2O,G03FA11,Estradiol
CC(N)C(O)C1=CC=CC=C1,R01BA01,Phenylpropanolamine
C\C(\C=C\C1=C(C)CCCC1(C)C)=C\C=C\C(\C)=C\C(O)=O,L01XX22,Alitretinoin
CC(C)C1=C(C(=O)NC2=CC=CC=C2)C(=C(N1CC[C@@H](O)C[C@@H](O)CC(O)=O)C1=CC=C(F)C=C1)C1=CC=CC=C1,C10BX03,Atorvastatin
CC(C)C1=C(C(=O)NC2=CC=CC=C2)C(=C(N1CC[C@@H](O)C[C@@H](O)CC(O)=O)C1=CC=C(F)C=C1)C1=CC=CC=C1,C10BX06,Atorvastatin
CCCCC1C(=O)N(N(C1=O)C1=CC=C(O)C=C1)C1=CC=CC=C1,S01BC02,Oxyphenbutazone
CNCCC(OC1=CC=C(C=C1)C(F)(F)F)C1=CC=CC=C1,N06AB03,Fluoxetine
C[C@]12CC[C@H]3[C@@H](CCC4=C3C=CC(O)=C4)[C@@H]1CC[C@@H]2O,G03FA15,Estradiol
C[C@]1(O)CC[C@H]2[C@@H]3CCC4=CC(=O)CC[C@]4(C)[C@H]3CC[C@]12C,G03EA01,Methyltestosterone
CC1(C)S[C@@H]2[C@H](NC(=O)[C@H](N)C3=CC=CC=C3)C(=O)N2[C@H]1C(O)=O,J01CA51,Ampicillin
CC(=O)OCC[N+](C)(C)C,S01EB09,Acetylcholine
CCCCC\C=C/C\C=C/C\C=C/CCCCC(O)=O,D11AX02,Gamolenic acid
OC(C(O)=O)C1=CC=CC=C1,J01XX06,Mandelic acid
C[C@H]1O[C@H](C[C@H](O)[C@@H]1O[C@H]1C[C@H](O)[C@H](O[C@H]2C[C@H](OC(C)=O)[C@H](O[C@H]3O[C@H](CO)[C@@H](O)[C@H](O)[C@H]3O)[C@@H](C)O2)[C@@H](C)O1)O[C@H]1CC[C@@]2(C)[C@H](CC[C@@H]3[C@@H]2C[C@@H](O)[C@]2(C)[C@H](CC[C@]32O)C2=CC(=O)OC2)C1,C01AA06,Lanatoside C
CC(=O)[C@H]1CC[C@H]2[C@@H]3CCC4=CC(=O)CC[C@]4(C)[C@H]3CC[C@]12C,G03DA04,Progesterone
CN(C)[C@H]1[C@@H]2[C@@H](O)[C@H]3C(=C(O)[C@]2(O)C(=O)C(C(N)=O)=C1O)C(=O)C1=C(O)C=CC=C1[C@@]3(C)O,D06AA03,Oxytetracycline
CN[C@@H](C)[C@H](O)C1=CC=CC=C1,R01AB05,Ephedrine
C[C@]12C[C@H](O)[C@@]3(F)[C@@H](CCC4=CC(=O)C=C[C@]34C)[C@@H]1C[C@@H](O)[C@]2(O)C(=O)CO,S01BA05,Triamcinolone
CC(C)(O)C(Cl)(Cl)Cl,A04AD04,Chlorobutanol
NC1=NC(=O)C2=NC(CNC3=CC=C(C=C3)C(=O)N[C@@H](CCC(O)=O)C(O)=O)=CNC2=N1,B03BB01,Folic acid
C[C@]12CC[C@H]3[C@@H](CCC4=C3C=CC(O)=C4)[C@@H]1CC[C@@H]2O,G03FB06,Estradiol
CC[C@]1(O)C[C@@H]2C[N@](C1)CCC1=C(NC3=CC=CC=C13)[C@@](C2)(C(=O)OC)C1=C(OC)C=C2N(C=O)[C@@H]3[C@]4(CCN5CC=C[C@](CC)([C@@H]45)[C@@H](OC(C)=O)[C@]3(O)C(=O)OC)C2=C1,L01CA02,Vincristine
COC1=CC(OC)=C(Cl)C2=C1C(=O)[C@]1(O2)[C@H](C)CC(=O)C=C1OC,D01AA08,Griseofulvin
NS(=O)(=O)C1=C(Cl)C=C2NCNS(=O)(=O)C2=C1,C09DX03,Hydrochlorothiazide
NCC1(CC(O)=O)CCCCC1,N03AX12,Gabapentin
CCN(CC)CCCC(C)NC1=CC=NC2=CC(Cl)=CC=C12,P01BA01,Chloroquine
O=C1C=CC=C2[C@H]3CNC[C@H](C3)CN12,N07BA04,Cytisine
COC(=O)[C@H]1[C@@H](O)CC[C@H]2CN3CCC4=C(NC5=C4C=CC=C5)[C@@H]3C[C@H]12,G04BE04,Yohimbine
CC[C@H]1OC(=O)[C@H](C)[C@@H](O[C@H]2C[C@@](C)(OC)[C@@H](O)[C@H](C)O2)[C@H](C)[C@@H](O[C@@H]2O[C@H](C)C[C@@H]([C@H]2O)N(C)C)[C@](C)(O)C[C@@H](C)C(=O)[C@H](C)[C@@H](O)[C@]1(C)O,J01FA01,Erythromycin
C[C@]12CC[C@H]3[C@@H](CCC4=CC(=O)CC[C@]34C)[C@@H]1CC[C@@H]2O,G03BA03,Testosterone
C[C@H]1O[C@@H](O[C@@H]2C[C@@H]3O[C@@](O)(C[C@H](O)[C@H]3C(O)=O)C[C@@H](O)[C@H](O)CC[C@@H](O)C[C@@H](O)C[C@@H](O)CC(=O)O[C@@H](C)[C@H](C)[C@H](O)[C@@H](C)\C=C\C=C\CC\C=C\C=C\C=C\C=C\2)[C@@H](O)[C@@H](N)[C@@H]1O,G01AA01,Nystatin
C[C@]12CC[C@H]3[C@@H](CCC4=C3C=CC(O)=C4)[C@@H]1CCC2=O,G03CA07,Estrone
NNC(=O)C1=CC=NC=C1,J04AM04,Isoniazid
C[C@]12CC[C@H]3[C@@H](CCC4=C3C=CC(O)=C4)[C@@H]1CC[C@@H]2O,G03AA14,Estradiol
C[C@]12CC[C@H]3[C@@H](CCC4=C3C=CC(O)=C4)[C@@H]1CC[C@@H]2O,G03FB11,Estradiol
CC1=CC2=CC3=C(OC(=O)C=C3C)C(C)=C2O1,D05AD01,Trioxsalen
CCN(CC)CCOC(=O)C1=CC=C(N)C=C1,C05AD05,Procaine
CCC(C)(C)C(=O)O[C@H]1C[C@@H](C)C=C2C=C[C@H](C)[C@H](CC[C@@H]3C[C@@H](O)CC(=O)O3)[C@@H]12,C10BX01,Simvastatin
COC1=CC=C(O)C=C1,D11AX06,Mequinol
CN[C@@H]1[C@@H](O)[C@H](O)[C@@H](CO)O[C@@H]1O[C@@H]1[C@@H](O[C@H]2[C@H](O)[C@@H](O)[C@H](NC(N)=N)[C@@H](O)[C@@H]2NC(N)=N)O[C@H](C)[C@@]1(O)CO,S01AA15,Dihydrostreptomycin
COC(=O)[C@@H]1[C@H]2CC[C@@H](C[C@@H]1OC(=O)C1=CC=CC=C1)N2C,S01HA01,Cocaine
C[C@@H]1CC[C@H]2[C@@H](C)[C@H](OC(=O)CCC(O)=O)O[C@@H]3O[C@@]4(C)CC[C@@H]1[C@@]23OO4,P01BF04,Artesunate
C[C@H]1C[C@H]2[C@@H]3CC[C@](O)(C(=O)CO)[C@@]3(C)C[C@H](O)[C@@H]2[C@@]2(C)C=CC(=O)C=C12,S01CA08,Methylprednisolone
NCCC1=CN=CN1,L03AX14,Histamine
CN1CCC(CC1)N(CC1=CC=CC=C1)C1=CC=CC=C1,R06AX01,Bamipine
OC[C@@H](O)[C@@H](O)[C@H](O)[C@H](O)CO,B05CX04,Mannitol
CO[C@H]1[C@@H](C[C@@H]2CN3CCC4=C(NC5=C4C=CC(OC)=C5)[C@H]3C[C@@H]2[C@@H]1C(=O)OC)OC(=O)C1=CC(OC)=C(OC)C(OC)=C1,C02AA52,Reserpine
CC[C@H]1CN2CCC3=CC(OC)=C(OC)C=C3[C@@H]2C[C@@H]1C[C@H]1NCCC2=CC(OC)=C(OC)C=C12,P01AX02,Emetine
C\C=C(\C(=C\C)\C1=CC=C(O)C=C1)/C1=CC=C(O)C=C1,G03CB01,Dienestrol
NC1=NC(=O)N(C=C1)[C@@H]1CS[C@H](CO)O1,J05AR16,Lamivudine
C[C@]12CC[C@H]3[C@@H](CCC4=C3C=CC(O)=C4)[C@@H]1CC[C@@H]2O,G03FA09,Estradiol
CC1(C)S[C@@H]2[C@H](NC(=O)[C@H](N)C3=CC=CC=C3)C(=O)N2[C@H]1C(O)=O,J01CR50,Ampicillin
CC1COC2=C(N3CCN(C)CC3)C(F)=CC3=C2N1C=C(C(O)=O)C3=O,J01RA09,Ofloxacin
CN1CCN(CCCN2C3=CC=CC=C3SC3=C2C=C(C=C3)C(F)(F)F)CC1,N05AB06,Trifluoperazine
COC1=C(O)C=C(C=C1)C1=CC(=O)C2=C(O)C=C(O[C@@H]3O[C@H](CO[C@@H]4O[C@@H](C)[C@H](O)[C@@H](O)[C@H]4O)[C@@H](O)[C@H](O)[C@H]3O)C=C2O1,C05CA53,Diosmin
COC1=C(OC)C=C(CCN(C)CCCC(C#N)(C(C)C)C2=CC(OC)=C(OC)C=C2)C=C1,C08DA01,Verapamil
C[C@]12CC[C@H]3[C@@H](CCC4=C3C=CC(O)=C4)[C@@H]1CC[C@@H]2O,G03CA53,Estradiol
C[C@H]1O[C@@H](O[C@@H]2C[C@@H]3O[C@@](O)(C[C@H](O)[C@H]3C(O)=O)C[C@@H](O)C[C@H]3O[C@@H]3\C=C\C(=O)O[C@H](C)C\C=C\C=C\C=C\C=C\2)[C@@H](O)[C@@H](N)[C@@H]1O,S01AA10,Natamycin
CC(C)NCC(O)COC1=C(CC=C)C=CC=C1,C07AA01,Alprenolol
COC1=CC2=C3C=C1OC1=CC(C[C@@H]4C5=C(OC6=CC=C(C[C@@H]3N(C)CC2)C=C6)C(O)=C(OC)C=C5CC[N+]4(C)C)=CC=C1O,M03AA02,Tubocurarine
NC1=NC2=C(N=CN2COC(CO)CO)C(=O)N1,J05AB06,Ganciclovir
OC1=C(OC2=CC=C(Cl)C=C2Cl)C=CC(Cl)=C1,D09AA06,Triclosan
CC(=O)N[C@@H](CS)C(O)=O,V03AB23,Acetylcysteine
CN[C@@H](C)[C@@H](O)C1=CC=CC=C1,R01BA52,Pseudoephedrine
NCC(=O)CCC(O)=O,L01XD04,Aminolevulinic acid
C\C(\C=C\C1=C(C)CCCC1(C)C)=C/C=C/C(/C)=C/C(O)=O,L01XX14,Tretinoin
C[C@H]1O[C@H](O[C@@H]2[C@@H](CO)O[C@H](O[C@@H]3[C@@H](CO)OC(O)[C@H](O)[C@H]3O)[C@H](O)[C@H]2O)[C@H](O)[C@@H](O)[C@@H]1N[C@H]1C=C(CO)[C@@H](O)[C@H](O)[C@H]1O,A10BF01,Acarbose
CC1=NC=C(COP(O)(O)=O)C(C=O)=C1O,A11HA06,Pyridoxal phosphate
CCC1=C(C)CN(C(=O)NCCC2=CC=C(C=C2)S(=O)(=O)NC(=O)N[C@H]2CC[C@H](C)CC2)C1=O,A10BD04,Glimepiride
C[C@H]1COC2=C(N3CCN(C)CC3)C(F)=CC3=C2N1C=C(C(O)=O)C3=O,S01AE05,Levofloxacin
NC(=N)NC(=N)N1CCOCC1,J05AX01,Moroxydine
C[C@H]1O[C@H](C[C@H](O)[C@@H]1O[C@H]1C[C@H](O)[C@H](O[C@H]2C[C@H](O)[C@H](O[C@@H]3O[C@H](CO)[C@@H](O)[C@H](O)[C@H]3O)[C@@H](C)O2)[C@@H](C)O1)O[C@H]1CC[C@@]2(C)[C@H](CC[C@@H]3[C@@H]2C[C@@H](O)[C@]2(C)[C@H](CC[C@]32O)C2=CC(=O)OC2)C1,C01AA07,Deslanoside
CN(C)C(=N)NC(N)=N,A10BD18,Metformin
COC1=CC=C2C=C(C=CC2=C1)[C@H](C)C(O)=O,M02AA12,Naproxen
OC(=O)C1=CN(C2CC2)C2=CC(N3CCNCC3)=C(F)C=C2C1=O,S01AE03,Ciprofloxacin
CC(C)(C)NCC(O)C1=CC(O)=CC(O)=C1,R03CC03,Terbutaline
CN(C)[C@H]1[C@@H]2C[C@H]3C(=C(O)[C@]2(O)C(=O)C(C(N)=O)=C1O)C(=O)C1=C(C=CC=C1O)[C@@]3(C)O,J01RA08,Tetracycline
C[C@H]1C[C@H]2[C@@H]3CC[C@](O)(C(=O)CO)[C@@]3(C)C[C@H](O)[C@@H]2[C@@]2(C)C=CC(=O)C=C12,H02AB04,Methylprednisolone
C[C@]12C[C@H](O)[C@@]3(F)[C@@H](CCC4=CC(=O)C=C[C@]34C)[C@@H]1C[C@@H](O)[C@]2(O)C(=O)CO,C05AA12,Triamcinolone
C[C@]12CC[C@H]3[C@@H](CCC4=C3C=CC(O)=C4)[C@@H]1CC[C@@H]2O,G03FA13,Estradiol
CCOC1=CC=C2C[C@@H]3[C@@H]4C=C[C@H](O)[C@@H]5OC1=C2[C@]45CCN3C,S01XA06,Ethylmorphine
NC1=NC(=O)C2=NC(CNC3=CC=C(C=C3)C(=O)N[C@@H](CCC(O)=O)C(O)=O)=CNC2=N1,B03AE02,Folic acid
CC(=O)O[C@H]1CC[C@@]2(C)[C@@H](CC[C@]3(C)[C@@H]2C(=O)C=C2[C@@H]4C[C@](C)(CC[C@]4(C)CC[C@@]32C)C(O)=O)C1(C)C,A02BX09,Acetoxolone
C[C@H]1O[C@@H](O[C@@H]2C[C@@H]3O[C@@](O)(C[C@H](O)[C@H]3C(O)=O)C[C@@H](O)[C@H](O)CC[C@@H](O)C[C@@H](O)C[C@@H](O)CC(=O)O[C@@H](C)[C@H](C)[C@H](O)[C@@H](C)\C=C\C=C\CC\C=C\C=C\C=C\C=C\2)[C@@H](O)[C@@H](N)[C@@H]1O,A07AA02,Nystatin
NC[C@H]1O[C@H](O[C@@H]2[C@@H](N)C[C@@H](N)[C@H](O[C@H]3O[C@H](CO)[C@@H](O)[C@H](N)[C@H]3O)[C@H]2O)[C@H](O)[C@@H](O)[C@@H]1O,A07AA08,Kanamycin
NS(=O)(=O)C1=C(Cl)C=C2NCNS(=O)(=O)C2=C1,C09XA52,Hydrochlorothiazide
C[C@]12CC[C@H]3[C@@H](CCC4=C3C=CC(O)=C4)[C@@H]1CC[C@@H]2O,G03FB05,Estradiol
CC1=NC=C(N1CCO)[N+]([O-])=O,A02BD13,Metronidazole
COC1=C2OC=CC2=CC2=C1OC(=O)C=C2,D05AD02,Methoxsalen
NC1=CC=C(C=C1)C(=O)NCC(O)=O,V04CH30,Aminohippuric acid
OC1=NC=NC2=C1C=NN2,M04AA01,Allopurinol
N[C@@H](CC1=CC(I)=C(OC2=CC(I)=C(O)C(I)=C2)C(I)=C1)C(O)=O,H03AA01,Levothyroxine
CN1CC[C@]23[C@H]4OC5=C(O)C=CC(C[C@@H]1[C@@H]2C=C[C@@H]4O)=C35,A07DA52,Morphine
OC[C@@H](NC(=O)C(Cl)Cl)[C@H](O)C1=CC=C(C=C1)[N+]([O-])=O,D10AF03,Chloramphenicol
N[C@@H](CC1=CNC2=C1C=CC=C2)C(O)=O,N06AX02,Tryptophan
CN1CC[C@]23[C@H]4OC5=C(O)C=CC(C[C@@H]1[C@@H]2C=C[C@@H]4O)=C35,N02AG01,Morphine
CCN(CC)CCOC(=O)C1=CC=C(N)C=C1,N01BA02,Procaine
CN1[C@H]2CC[C@@H]1C[C@@H](C2)OC(=O)C(CO)C1=CC=CC=C1,A03CB03,Atropine
N[C@H]1C(O)O[C@H](CO)[C@@H](O)[C@@H]1O,M01AX05,Glucosamine
CC1(C)C(C=C(Cl)Cl)C1C(=O)OCC1=CC=CC(OC2=CC=CC=C2)=C1,P03AC04,Permethrin
COC(=O)[C@@H]1[C@H]2CC[C@@H](C[C@@H]1OC(=O)C1=CC=CC=C1)N2C,S02DA02,Cocaine
C[C@]12CC[C@H]3[C@@H](CCC4=C3C=CC(O)=C4)[C@@H]1CC[C@@H]2O,G03FA10,Estradiol
OC(C(O)=O)C1=CC=CC=C1,B05CA06,Mandelic acid
CC1=CC(=O)OC2=C1C=CC(O)=C2,A05AX02,Hymecromone
CN(C)C(=N)NC(N)=N,A10BD08,Metformin
NC1=NC(=O)C2=C(NCC(CNC3=CC=C(C=C3)C(=O)N[C@@H](CCC(O)=O)C(O)=O)N2C=O)N1,V03AF06,Leucovorin
CN1C2=C(N=CN2)C(=O)N(C)C1=O,R03DA54,Theophylline
OC[C@H]1O[C@H](C[C@@H]1O)N1C=NC2=C1NC=NC[C@H]2O,L01XX08,Pentostatin
N[C@@H](CCC(=O)N[C@@H](CS)C(=O)NCC(O)=O)C(O)=O,V03AB32,Glutathione
C[C@H]1O[C@@H](O[C@@H]2C[C@@H]3O[C@@](O)(C[C@H](O)[C@H]3C(O)=O)C[C@@H](O)C[C@@H](O)[C@H](O)CC[C@@H](O)C[C@@H](O)CC(=O)O[C@@H](C)[C@H](C)[C@H](O)[C@@H](C)\C=C\C=C\C=C\C=C\C=C\C=C\C=C\2)[C@@H](O)[C@@H](N)[C@@H]1O,G01AA03,Amphotericin B
OC1=CC=CC2=C1N=CC=C2,A01AB07,Oxyquinoline
CC(C)(C)NCC(O)C1=CC(O)=CC(O)=C1,R03CC53,Terbutaline
CCCCNC(=O)NS(=O)(=O)C1=CC=C(C)C=C1,A10BB03,Tolbutamide
COC1=CC=C2C=C(C=CC2=C1)[C@H](C)C(O)=O,G02CC02,Naproxen
OC(=O)CCCCCCCCC=C,D01AE04,Undecylenic acid
CC1=NC=C(N1CCO)[N+]([O-])=O,G01AF20,Metronidazole
C[C@H]1C[C@H]2[C@@H]3CC[C@](O)(C(=O)CO)[C@@]3(C)C[C@H](O)[C@@H]2[C@@]2(C)C=CC(=O)C=C12,D10AA02,Methylprednisolone
CO[C@H]1[C@@H](C[C@@H]2CN3CCC4=C(NC5=CC=CC=C45)[C@H]3C[C@@H]2[C@@H]1C(=O)OC)OC(=O)C1=CC(OC)=C(OC)C(OC)=C1,C02LA03,Deserpidine
CCN(CC)CCNC(=O)C1=C(C)NC(\C=C2/C(=O)NC3=C2C=C(F)C=C3)=C1C,L01XE04,Sunitinib
C[C@]12CC[C@H]3[C@@H](CCC4=C3C=CC(O)=C4)[C@@H]1CC[C@@H]2O,G03EA03,Estradiol
N[C@@H]1CONC1=O,J04AB01,Cycloserine
COC1=C2C=COC2=CC2=C1C=CC(=O)O2,D05BA03,Bergapten
CC(C)CC1=CC=C(C=C1)C(C)C(O)=O,C01EB16,Ibuprofen
CO[C@@H]1C[C@@H](CC[C@H]1O)\C=C(/C)[C@H]1OC(=O)[C@@H]2CCCCN2C(=O)C(=O)[C@]2(O)O[C@@H]([C@H](C[C@H]2C)OC)[C@H](C[C@@H](C)C\C(C)=C\[C@@H](CC=C)C(=O)C[C@H](O)[C@@H]1C)OC,L04AD02,Tacrolimus
COC1=C(OCCCN2CCOCC2)C=C2C(NC3=CC(Cl)=C(F)C=C3)=NC=NC2=C1,L01XE02,Gefitinib
COCCC1=CC=C(OCC(O)CNC(C)C)C=C1,C07FB13,Metoprolol
C[C@]12CC[C@H]3[C@@H](CCC4=C3C=CC(O)=C4)[C@@H]1CC[C@@H]2O,G02BB01,Estradiol
NS(=O)(=O)C1=C(Cl)C=C2NCNS(=O)(=O)C2=C1,C09DX07,Hydrochlorothiazide
OC(=O)C1=CC=CC=C1,A16AX11,Benzoic acid
OC1=CC=C(O)C=C1,D11AX11,Hydroquinone
CC(=O)N1CCN(CC1)C1=CC=C(OCC2COC(CN3C=CN=C3)(O2)C2=C(Cl)C=C(Cl)C=C2)C=C1,G01AF20,Ketoconazole
CC1(C)[C@@H](O)CC[C@@]2(C)[C@H]1CC[C@]1(C)[C@@H]2C(=O)C=C2[C@@H]3C[C@](C)(CC[C@]3(C)CC[C@@]12C)C(O)=O,D03AX10,Enoxolone
COC1=C(OC)C=C(CC2=NC=CC3=CC(OC)=C(OC)C=C23)C=C1,A03AD01,Papaverine
NNC(=O)C1=CC=NC=C1,J04AM02,Isoniazid
CCCC(C)C1(CC=C)C(=O)NC(=O)NC1=O,N05CA06,Secobarbital
O=C(O[C@H]1CN2CCC1CC2)N1CCC2=CC=CC=C2[C@@H]1C1=CC=CC=C1,G04BD08,Solifenacin
FC1=CNC(=O)NC1=O,L01BC52,Fluorouracil
CCC1(C)CC(=O)NC1=O,N03AD51,Ethosuximide
COC1=CC=C2CN(C)CC[C@@]34C=C[C@H](O)C[C@@H]3OC1=C24,N06DA04,Galantamine
CC(C)CC1=CC=C(C=C1)C(C)C(O)=O,M02AA13,Ibuprofen
CNC[C@H](O)C1=CC(O)=CC=C1,S01GA55,Phenylephrine
CCC(C)(C)C(=O)O[C@H]1C[C@@H](C)C=C2C=C[C@H](C)[C@H](CC[C@@H]3C[C@@H](O)CC(=O)O3)[C@@H]12,C10BX04,Simvastatin
OC[C@H]1O[C@H]([C@H](O)[C@@H]1O)N1C=NC2=C1N=CNC2=O,G01AX02,Inosine
C\C(\C=C\C1=C(C)CCCC1(C)C)=C/C=C/C(/C)=C\C(O)=O,D10BA01,Isotretinoin
CC[C@H](C)[C@@H]1NC(=O)[C@H](CC2=CC=C(O)C=C2)NC(=O)[C@@H](N)CSSC[C@H](NC(=O)[C@H](CC(N)=O)NC(=O)[C@H](CCC(N)=O)NC1=O)C(=O)N1CCC[C@H]1C(=O)N[C@@H](CC(C)C)C(=O)NCC(N)=O,H01BB02,Oxytocin
CN(C)[C@H]1[C@@H]2C[C@H]3C(=C(O)[C@]2(O)C(=O)C(C(N)=O)=C1O)C(=O)C1=C(C=CC=C1O)[C@@]3(C)O,J01AA20,Tetracycline
CC(=O)O[C@H](CC([O-])=O)C[N+](C)(C)C,N06BX12,Acetylcarnitine
C[C@H]1O[C@@H](O[C@@H]2C[C@@H]3O[C@@](O)(C[C@H](O)[C@H]3C(O)=O)C[C@@H](O)C[C@@H](O)[C@H](O)CC[C@@H](O)C[C@@H](O)CC(=O)O[C@@H](C)[C@H](C)[C@H](O)[C@@H](C)\C=C\C=C\C=C\C=C\C=C\C=C\C=C\2)[C@@H](O)[C@@H](N)[C@@H]1O,A07AA07,Amphotericin B
CCC[C@@H]1C[C@H](N(C)C1)C(=O)N[C@H]([C@@H](C)O)[C@H]1O[C@H](SC)[C@H](O)[C@@H](O)[C@H]1O,J01FF02,Lincomycin
CN1C=NC2=C1C(=O)NC(=O)N2C,R03DA57,Theobromine
CC(C)C1=C(C(=O)NC2=CC=CC=C2)C(=C(N1CC[C@@H](O)C[C@@H](O)CC(O)=O)C1=CC=C(F)C=C1)C1=CC=CC=C1,C10AA05,Atorvastatin
NCCC1=CN=CN1,V04CG03,Histamine
C[C@H]1C[C@H]2[C@@H]3CC[C@](O)(C(=O)CO)[C@@]3(C)C[C@H](O)[C@@H]2[C@@]2(C)C=CC(=O)C=C12,H02BX01,Methylprednisolone
CN(C)C(=N)NC(N)=N,A10BD10,Metformin
OC[C@H](O)[C@@H](O)[C@H](O)[C@H](O)CO,B05CX02,Sorbitol
C[C@]12CC[C@H]3[C@@H](CCC4=C3C=CC(O)=C4)[C@@H]1CC[C@@H]2O,G03FA07,Estradiol
CO[C@H]1[C@@H](CC(=O)O[C@H](C)C\C=C\C=C\[C@H](O)[C@H](C)C[C@H](CC=O)[C@@H]1O[C@@H]1O[C@H](C)[C@@H](O[C@H]2C[C@@](C)(O)[C@@H](OC(=O)CC(C)C)[C@H](C)O2)[C@@H]([C@H]1O)N(C)C)OC(C)=O,J01FA07,Josamycin
NCCCC[C@H](N)C(O)=O,V03AF11,Lysine
CN(C)[C@H]1[C@@H]2C[C@H]3C(=C(O)[C@]2(O)C(=O)C(C(N)=O)=C1O)C(=O)C1=C(C(Cl)=CC=C1O)[C@@]3(C)O,J01AA03,Chlortetracycline
C[C@@H]1O[C@@H](O[C@H]2C[C@@H](O)[C@]3(CO)[C@H]4[C@H](O)C[C@]5(C)[C@H](CC[C@]5(O)[C@@H]4CC[C@]3(O)C2)C2=CC(=O)OC2)[C@H](O)[C@H](O)[C@H]1O,C01AC01,Ouabain
N[C@@H](CC1=CC(I)=C(OC2=CC(I)=C(O)C=C2)C(I)=C1)C(O)=O,H03AA02,Liothyronine
C[C@]12C[C@H](O)[C@@]3(F)[C@@H](CCC4=CC(=O)C=C[C@]34C)[C@@H]1C[C@@H](O)[C@]2(O)C(=O)CO,S02CA04,Triamcinolone
NC[C@H](O)C1=CC(O)=C(O)C=C1,C01CA03,Norepinephrine
NS(=O)(=O)C1=C(Cl)C=C2NCNS(=O)(=O)C2=C1,C09DX01,Hydrochlorothiazide
CCCC[C@@H](O)\C=C(/C)\C=C\C=C\C(=O)N1CCCC1=O,D01AA04,Pecilocin
C[C@@H]1[C@H](O)CC[C@@]2(C)[C@H]1CC[C@@]1(C)[C@H]2[C@H](O)C[C@H]2\C([C@H](C[C@]12C)OC(C)=O)=C(/CCC=C(C)C)C(O)=O,D06AX01,Fusidic acid
NS(=O)(=O)C1=C(Cl)C=C2NCNS(=O)(=O)C2=C1,C03AB03,Hydrochlorothiazide
C[C@]12CC[C@H]3[C@@H](CCC4=C3C=CC(O)=C4)[C@@H]1CC[C@@H]2O,G03FA02,Estradiol
OC1=CC=CC2=C1N=CC=C2,R02AA14,Oxyquinoline
COC1=CC=C2C[C@H]3N(C)CC[C@@]45[C@@H](OC1=C24)C(=O)CC[C@@]35O,N02AA55,Oxycodone
C[C@H](CCC(O)=O)[C@H]1CC[C@H]2[C@@H]3[C@H](O)C[C@@H]4C[C@H](O)CC[C@]4(C)[C@H]3C[C@H](O)[C@]12C,A05AA03,Cholic Acid
CCC1(C)CC(=O)NC1=O,N03AD01,Ethosuximide
NC1=NC(=O)N(C=C1)[C@@H]1CS[C@H](CO)O1,J05AR01,Lamivudine
CO[C@H]1\C=C\O[C@@]2(C)OC3=C(C)C(O)=C4C(O)=C(NC(=O)\C(C)=C/C=C/[C@H](C)[C@H](O)[C@@H](C)[C@@H](O)[C@@H](C)[C@H](OC(C)=O)[C@@H]1C)C=C(O)C4=C3C2=O,S02AA12,Rifamycin
CCCCC[C@H](O)\C=C\[C@H]1[C@H](O)CC(=O)[C@@H]1CCCCCCC(O)=O,C01EA01,Alprostadil
CC(=O)N1CCN(CC1)C1=CC=C(OCC2COC(CN3C=CN=C3)(O2)C2=C(Cl)C=C(Cl)C=C2)C=C1,G01AF11,Ketoconazole
CN(C)C(=N)NC(N)=N,A10BD14,Metformin
C[C@]12CC[C@H]3[C@@H](CCC4=C3C=CC(O)=C4)[C@@H]1CC[C@@H]2O,G03FA05,Estradiol
CCOC1=C(OCCN[C@H](C)CC2=CC(=C(OC)C=C2)S(N)(=O)=O)C=CC=C1,G04CA53,Tamsulosin
CNC[C@H](O)C1=CC(O)=CC=C1,C01CA06,Phenylephrine
CN[C@@H]1[C@H](O)[C@H](NC)[C@H]2O[C@]3(O)[C@@H](O[C@H](C)CC3=O)O[C@@H]2[C@H]1O,J01XX04,Spectinomycin
C\C=C(\C)C(=O)O[C@H]1C(C)=C[C@@]23[C@H](C)C[C@@H]4[C@H]([C@H](C=C(CO)[C@@H](O)[C@]12O)C3=O)C4(C)C,D06BX02,Ingenol mebutate
C[C@]12CC[C@H]3[C@@H](CCC4=C3C=CC(O)=C4)[C@@H]1CC[C@@H]2O,G03FB01,Estradiol
CN1[C@H]2CC[C@@H]1C[C@@H](C2)OC(=O)[C@H](CO)C1=CC=CC=C1,A03BA03,Hyoscyamine
C[C@]12CC[C@H]3[C@@H](CCC4=CC(=O)CC[C@]34C)[C@@H]1CC[C@@H]2O,G03EA02,Testosterone
COC1=CC=C2[C@H](OC(=O)C2=C1OC)[C@@H]1N(C)CCC2=C1C(OC)=C1OCOC1=C2,R05DA07,Noscapine
C[C@]12CC[C@H]3[C@@H](CCC4=C3C=CC(O)=C4)[C@@H]1CC[C@@H]2O,G03HB01,Estradiol
CN1C2=C(N=CN2)C(=O)N(C)C1=O,R03DA04,Theophylline
ClC1=CC2=C(OC(=O)N2)C=C1,M03BB53,Chlorzoxazone
CC1=[N+](CCCCCCCCCC[N+]2=C(C)C=C(N)C3=CC=CC=C23)C2=CC=CC=C2C(N)=C1,D08AH01,Dequalinium
CCN1C=C(C(O)=O)C(=O)C2=CC=C(C)N=C12,J01MB02,Nalidixic acid
NC1=CC=C(C=C1)S(N)(=O)=O,G01AE10,Sulfanilamide
CN(C)C(=N)NC(N)=N,A10BD05,Metformin
CC(N)C(O)C1=CC=CC=C1,R01BA51,Phenylpropanolamine
CCOC1=CC=C2C[C@@H]3[C@@H]4C=C[C@H](O)[C@@H]5OC1=C2[C@]45CCN3C,R05DA01,Ethylmorphine
CC[C@H]1CN2CCC3=CC(OC)=C(OC)C=C3[C@@H]2C[C@@H]1C[C@H]1NCCC2=CC(OC)=C(OC)C=C12,P01AX52,Emetine
OCC1=CN=CC=C1,C04AC02,Nicotinyl alcohol
OC[C@@H](O)[C@@H](O)[C@H](O)[C@H](O)CO,B05BC01,Mannitol
N[C@@H](CC1=CNC2=CC=C(O)C=C12)C(O)=O,N06AX01,Oxitriptan
CC1COC2=C(N3CCN(C)CC3)C(F)=CC3=C2N1C=C(C(O)=O)C3=O,S02AA16,Ofloxacin
CCC1=C(C)CN(C(=O)NCCC2=CC=C(C=C2)S(=O)(=O)NC(=O)N[C@H]2CC[C@H](C)CC2)C1=O,A10BD06,Glimepiride
CN(C)[C@H]1[C@@H]2[C@@H](O)[C@H]3C(=C(O)[C@]2(O)C(=O)C(C(N)=O)=C1O)C(=O)C1=C(O)C=CC=C1[C@@]3(C)O,J01AA20,Oxytetracycline
CC(C)CC1=CC=C(C=C1)C(C)C(O)=O,M01AE51,Ibuprofen
C[C@H]1O[C@H](C[C@H](O)[C@@H]1O)O[C@H]1[C@@H](O)C[C@H](O[C@H]2[C@@H](O)C[C@H](O[C@H]3CC[C@@]4(C)[C@H](CC[C@@H]5[C@@H]4C[C@@H](O)[C@]4(C)[C@H](CC[C@]54O)C4=CC(=O)OC4)C3)O[C@@H]2C)O[C@@H]1C,C01AA05,Digoxin
C[C@@H]1CC[C@H]2[C@@H](C)[C@H](OC(=O)CCC(O)=O)O[C@@H]3O[C@@]4(C)CC[C@@H]1[C@@]23OO4,P01BF02,Artesunate
CC(N)CCCC(C)(C)O,C01DX08,Heptaminol
OC1=CC=CC2=C1N=CC=C2,G01AC30,Oxyquinoline
OC1=CC(O)=CC=C1,S01AX06,Resorcinol
O[C@H]1CO[C@@H]2[C@@H](CO[C@H]12)O[N+]([O-])=O,C01DA14,Isosorbide mononitrate
CN[C@H]1[C@H](O)[C@@H](O)[C@H](CO)O[C@H]1O[C@H]1[C@H](O[C@H]2[C@H](O)[C@@H](O)[C@H](NC(N)=N)[C@@H](O)[C@@H]2NC(N)=N)O[C@@H](C)[C@]1(O)C=O,A07AA04,Streptomycin
NC1=NC(=O)N(C=C1)[C@@H]1CS[C@H](CO)O1,J05AF05,Lamivudine
OC(=O)C1=CC=CC=C1O,D01AE12,Salicylic acid
CCCCCCCCCCC[C@@H](C[C@@H]1OC(=O)[C@H]1CCCCCC)OC(=O)[C@H](CC(C)C)NC=O,A08AB01,Orlistat
C[C@]12CC[C@H]3[C@@H](CCC4=C3C=CC(O)=C4)[C@@H]1CC[C@@H]2O,G03FA17,Estradiol
COC1=CC(OC)=C(Cl)C2=C1C(=O)[C@]1(O2)[C@H](C)CC(=O)C=C1OC,D01BA01,Griseofulvin
CNC(NCCSCC1=CC=C(CN(C)C)O1)=C[N+]([O-])=O,A02BA07,Ranitidine
CC1=[N+](CCCCCCCCCC[N+]2=C(C)C=C(N)C3=CC=CC=C23)C2=CC=CC=C2C(N)=C1,G01AC05,Dequalinium
CN(C)C(=O)C(CCN1CCC(O)(CC1)C1=CC=C(Cl)C=C1)(C1=CC=CC=C1)C1=CC=CC=C1,A07DA03,Loperamide
ClC1=CC=C(NC(=N)NC(=N)NCCCCCCNC(=N)NC(=N)NC2=CC=C(Cl)C=C2)C=C1,B05CA02,Chlorhexidine
C[C@]12C[C@H](O)[C@@]3(F)[C@@H](CCC4=CC(=O)C=C[C@]34C)[C@@H]1C[C@@H](O)[C@]2(O)C(=O)CO,D07BB03,Triamcinolone
COC1=CC=C2N=CC=C([C@H](O)[C@H]3C[C@@H]4CC[N@]3C[C@@H]4C=C)C2=C1,C01BA01,Quinidine
CCCCC[C@H](O)\C=C\[C@H]1[C@H](O)C[C@H](O)[C@@H]1C\C=C/CCCC(O)=O,G02AD01,Dinoprost
OC(CC1=CN=CC=C1)(P(O)(O)=O)P(O)(O)=O,M05BB04,Risedronic acid
C[C@H]1O[C@@H](O[C@@H]2C[C@@H]3O[C@@](O)(C[C@H](O)[C@H]3C(O)=O)C[C@@H](O)C[C@H]3O[C@@H]3\C=C\C(=O)O[C@H](C)C\C=C\C=C\C=C\C=C\2)[C@@H](O)[C@@H](N)[C@@H]1O,A07AA03,Natamycin
CC1=NC=C(N1CCO)[N+]([O-])=O,A02BD08,Metronidazole
CCC(C)(C)C(=O)O[C@H]1C[C@@H](C)C=C2C=C[C@H](C)[C@H](CC[C@@H]3C[C@@H](O)CC(=O)O3)[C@@H]12,A10BH51,Simvastatin
CN(C)[C@H]1[C@@H]2C[C@H]3C(=C(O)[C@]2(O)C(=O)C(C(N)=O)=C1O)C(=O)C1=C(C=CC=C1O)[C@@]3(C)O,S03AA02,Tetracycline
CS(C)=O,M02AX03,Dimethyl sulfoxide
COCCC1=CC=C(OCC(O)CNC(C)C)C=C1,C07BB52,Metoprolol
NC1=NC(=O)N(C=C1)[C@@H]1CS[C@H](CO)O1,J05AR05,Lamivudine
C[C@H]1O[C@@H](O[C@@H]2C[C@@H]3O[C@@](O)(C[C@H](O)[C@H]3C(O)=O)C[C@@H](O)C[C@H]3O[C@@H]3\C=C\C(=O)O[C@H](C)C\C=C\C=C\C=C\C=C\2)[C@@H](O)[C@@H](N)[C@@H]1O,A01AB10,Natamycin
COC1=C(OC)C=C(CCN(C)CCCC(C#N)(C(C)C)C2=CC(OC)=C(OC)C=C2)C=C1,C09BB10,Verapamil
OC(=O)CCCCCCCC(O)=O,D10AX03,Azelaic acid
NC1=CC=C(C=C1)S(N)(=O)=O,J01EB06,Sulfanilamide
OC1=C(OC2=CC=C(Cl)C=C2Cl)C=CC(Cl)=C1,D08AE04,Triclosan
C[C@]12CC[C@H]3[C@@H](CC=C4C[C@@H](O)CC[C@]34C)[C@@H]1CCC2=O,G03XX01,Prasterone
NNC(=O)C1=CC=NC=C1,J04AM03,Isoniazid
CN(C)CCC(C1=CC=C(Br)C=C1)C1=CC=CC=N1,R06AB51,Brompheniramine
ClC1=CC2=C(OC(=O)N2)C=C1,M03BB03,Chlorzoxazone
CC1=CC=C(C=C1)C1=CC(=NN1C1=CC=C(C=C1)S(N)(=O)=O)C(F)(F)F,M01AH01,Celecoxib
CN[C@@H](C)[C@@H](O)C1=CC=CC=C1,R01BA02,Pseudoephedrine
CNC[C@H](O)C1=CC(O)=CC=C1,R01AA04,Phenylephrine
CN(C)C(=N)NC(N)=N,A10BD25,Metformin
CN(C)[C@H]1[C@@H]2C[C@H]3C(=C(O)[C@]2(O)C(=O)C(C(N)=O)=C1O)C(=O)C1=C(C(Cl)=CC=C1O)[C@@]3(C)O,A01AB21,Chlortetracycline
CC[C@H]1OC(=O)[C@H](C)[C@@H](O[C@H]2C[C@@](C)(OC)[C@@H](O)[C@H](C)O2)[C@H](C)[C@@H](O[C@@H]2O[C@H](C)C[C@@H]([C@H]2O)N(C)C)[C@](C)(O)C[C@@H](C)C(=O)[C@H](C)[C@@H](O)[C@]1(C)O,D10AF02,Erythromycin
C[C@]12CC[C@H]3[C@@H](CCC4=C3C=CC(O)=C4)[C@@H]1CC[C@@H]2O,G03AB08,Estradiol
NC1=CC=C(C=C1)S(N)(=O)=O,D06BA05,Sulfanilamide
NS(=O)(=O)C1=C(Cl)C=C2NCNS(=O)(=O)C2=C1,C03AA03,Hydrochlorothiazide
COCCC1=CC=C(OCC(O)CNC(C)C)C=C1,C07FB02,Metoprolol
CC(=O)N[C@@H](CS)C(O)=O,S01XA08,Acetylcysteine
OC[C@@H](O)[C@@H](O)[C@H](O)[C@H](O)CO,V04CX04,Mannitol
CN(C)[C@H]1[C@@H]2C[C@@H]3CC4=C(C(O)=CC=C4N(C)C)C(=O)C3=C(O)[C@]2(O)C(=O)C(C(N)=O)=C1O,A01AB23,Minocycline
ClC(Cl)Cl,N01AB02,Chloroform
COC1=CC(NC(C)CCCN)=C2N=CC=CC2=C1,P01BA03,Primaquine
N[C@@H](CC1=CC(O)=C(O)C=C1)C(O)=O,N04BA03,Levodopa
CC(C)(CO)[C@@H](O)C(=O)NCCCO,D03AX03,Dexpanthenol
CN[C@H]1[C@H](O)[C@@H](O)[C@H](CO)O[C@H]1O[C@H]1[C@H](O[C@H]2[C@H](O)[C@@H](O)[C@H](NC(N)=N)[C@@H](O)[C@@H]2NC(N)=N)O[C@@H](C)[C@]1(O)C=O,J04AM01,Streptomycin
CNC[C@H](O)C1=CC(O)=CC=C1,S01GA05,Phenylephrine
C[C@@H]1[C@H](O)CC[C@@]2(C)[C@H]1CC[C@@]1(C)[C@H]2[C@H](O)C[C@H]2\C([C@H](C[C@]12C)OC(C)=O)=C(/CCC=C(C)C)C(O)=O,J01XC01,Fusidic acid
CCCC(CCC)C(O)=O,N03AG01,Valproic acid
CN(C)C(=N)NC(N)=N,A10BD13,Metformin
Cl[C@H]1[C@H](Cl)[C@@H](Cl)[C@@H](Cl)[C@H](Cl)[C@H]1Cl,P03AB02,Lindane
C[C@]1(O)CC[C@H]2[C@@H]3CCC4=CC(=O)CC[C@]4(C)[C@H]3CC[C@]12C,G03EK01,Methyltestosterone
COC1=CC=C2N=CC=C([C@@H](O)[C@@H]3C[C@@H]4CC[N@]3C[C@@H]4C=C)C2=C1,M09AA72,Quinine
CCCCC\C=C/C\C=C/C\C=C/CCCCC(O)=O,D11AX52,Gamolenic acid
CN1CC[C@]23[C@H]4OC5=C(O)C=CC(C[C@@H]1[C@@H]2C=C[C@@H]4O)=C35,N02AA01,Morphine
CC1(C)S[C@@H]2[C@H](NC(=O)[C@H](N)C3=CC=CC=C3)C(=O)N2[C@H]1C(O)=O,S01AA19,Ampicillin
CC(C)NCC(O)COC1=CC=C(CC(N)=O)C=C1,C07DB01,Atenolol
CN(C)[C@H]1[C@@H]2C[C@@H]3[C@H](O)C4=C(Cl)C=CC(O)=C4C(=O)C3=C(O)[C@]2(O)C(=O)C(C(N)=O)=C1O,D06AA01,Demeclocycline
CC(C)NCC(O)COC1=C2C=CC=CC2=CC=C1,C07BA05,Propranolol
CC(O)(CC(O)=O)CC(O)=O,C10AX05,Meglutol
CO[C@H]1\C=C\O[C@@]2(C)OC3=C(C)C(O)=C4C(O)=C(NC(=O)\C(C)=C/C=C/[C@H](C)[C@H](O)[C@@H](C)[C@@H](O)[C@@H](C)[C@H](OC(C)=O)[C@@H]1C)C=C(O)C4=C3C2=O,J04AB03,Rifamycin
NCCC1=CC(O)=C(O)C=C1,C01CA04,Dopamine
OC[C@H]1O[C@H]([C@H](O)[C@@H]1O)N1C=NC2=C1N=CNC2=O,D06BB05,Inosine
CC1=NC=C(N1CCO)[N+]([O-])=O,A02BD02,Metronidazole
C[C@H]1O[C@@H](O[C@@H]2C[C@@H]3O[C@@](O)(C[C@H](O)[C@H]3C(O)=O)C[C@@H](O)C[C@H]3O[C@@H]3\C=C\C(=O)O[C@H](C)C\C=C\C=C\C=C\C=C\2)[C@@H](O)[C@@H](N)[C@@H]1O,G01AA02,Natamycin
CC1COC2=C(N3CCN(C)CC3)C(F)=CC3=C2N1C=C(C(O)=O)C3=O,J01MA01,Ofloxacin
CN1C=NC2=C1C(=O)NC(=O)N2C,C03BD01,Theobromine
CN(C)C(=N)NC(N)=N,A10BD20,Metformin
CN(C)[C@H]1[C@@H]2C[C@@H]3CC4=C(C(O)=CC=C4N(C)C)C(=O)C3=C(O)[C@]2(O)C(=O)C(C(N)=O)=C1O,J01AA20,Minocycline
[O-][N+](=O)C1=C(C=CC=C1Cl)C1=CNC=C1Cl,D01AA07,Pyrrolnitrin
CC1(C)C(C=C(Cl)Cl)C1C(=O)OCC1=CC=CC(OC2=CC=CC=C2)=C1,P03AC54,Permethrin
CCCC(C)C1(CC=C)C(=O)NC(=O)NC1=O,N05CB01,Secobarbital
O=C(OCC1=CC=CC=C1)C1=CC=CC=C1,P03AX01,Benzyl benzoate
CC1=NC=C(N1CCO)[N+]([O-])=O,P01AB01,Metronidazole
COC1=CC=C2C[C@@H]3[C@@H]4CC[C@H](O)[C@@H]5OC1=C2[C@]45CCN3C,N02AJ02,Dihydrocodeine
CN(C)C(=N)NC(N)=N,A10BD22,Metformin
CN(C)[C@H]1[C@@H]2C[C@H]3C(=C(O)[C@]2(O)C(=O)C(C(N)=O)=C1O)C(=O)C1=C(C(Cl)=CC=C1O)[C@@]3(C)O,J01AA20,Chlortetracycline
O[C@H]1[C@H](O)[C@@H](O)[C@H](O)[C@H](O)[C@@H]1O,A11HA07,Inositol
OC1=CC=C(C=C1)C1=C(C(=O)C2=CC=C(OCCN3CCCCC3)C=C2)C2=C(S1)C=C(O)C=C2,G03XC01,Raloxifene
CC1=NC=C(N1CCO)[N+]([O-])=O,A02BD03,Metronidazole
CN(C)[C@H]1[C@@H]2[C@@H](O)[C@H]3C(=C(O)[C@]2(O)C(=O)C(C(N)=O)=C1O)C(=O)C1=C(O)C=CC=C1[C@@]3(C)O,J01AA56,Oxytetracycline
COC1=CC(=CC(OC)=C1O)[C@H]1[C@@H]2[C@H](COC2=O)[C@H](O[C@@H]2O[C@@H]3CO[C@H](O[C@H]3[C@H](O)[C@H]2O)C2=CC=CS2)C2=CC3=C(OCO3)C=C12,L01CB02,Teniposide
CCCCC[C@H](O)\C=C\[C@H]1[C@H](O)C[C@@H]2O\C(C[C@H]12)=C/CCCC(O)=O,B01AC09,Epoprostenol
OC[C@@H](NC(=O)C(Cl)Cl)[C@H](O)C1=CC=C(C=C1)[N+]([O-])=O,S03AA08,Chloramphenicol
CC(C)NCC(O)COC1=CC=C(CC(N)=O)C=C1,C07AB03,Atenolol
OC1=CC=CC=C1,C05BB05,Phenol
OCCOCCN1CCN(CC1)C1=NC2=CC=CC=C2SC2=CC=CC=C12,N05AH04,Quetiapine
COC1=CC=C2C[C@H]3N(C)CC[C@@]45[C@@H](OC1=C24)C(=O)CC[C@@]35O,N02AA05,Oxycodone
CO[C@H]1O[C@@H]2O[C@@]3(C)CC[C@H]4[C@H](C)CC[C@@H]([C@H]1C)[C@@]24OO3,P01BE02,Artemether
COC1=CC=C2C[C@@H]3[C@@H]4C=C[C@H](O)[C@@H]5OC1=C2[C@]45CCN3C,R05DA04,Codeine
C[C@H]1COC2=C(N3CCN(C)CC3)C(F)=CC3=C2N1C=C(C(O)=O)C3=O,J01RA05,Levofloxacin
OC(=O)C1=CN(C2CC2)C2=CC(N3CCNCC3)=C(F)C=C2C1=O,J01RA11,Ciprofloxacin
CCCCC1C(=O)N(N(C1=O)C1=CC=C(O)C=C1)C1=CC=CC=C1,M02AA04,Oxyphenbutazone
ClC1=CC=C(NC(=N)NC(=N)NCCCCCCNC(=N)NC(=N)NC2=CC=C(Cl)C=C2)C=C1,R02AA05,Chlorhexidine
CO[C@H]1[C@@H](C[C@@H]2CN3CCC4=C(NC5=C4C=CC(OC)=C5)[C@H]3C[C@@H]2[C@@H]1C(=O)OC)OC(=O)C1=CC(OC)=C(OC)C(OC)=C1,C02LA71,Reserpine
CCOC1=C(OCCN[C@H](C)CC2=CC(=C(OC)C=C2)S(N)(=O)=O)C=CC=C1,G04CA52,Tamsulosin
CN(C)C(=N)NC(N)=N,A10BD16,Metformin
CO[C@H]1C[C@H](O[C@H]2[C@H](C)[C@@H](O[C@@H]3O[C@H](C)C[C@@H]([C@H]3O)N(C)C)[C@@H](C)C[C@@]3(CO3)C(=O)[C@H](C)[C@@H](O)[C@@H](C)[C@@H](C)OC(=O)[C@@H]2C)O[C@@H](C)[C@@H]1O,J01RA08,Oleandomycin
ClC1=CC=C(NC(=N)NC(=N)NCCCCCCNC(=N)NC(=N)NC2=CC=C(Cl)C=C2)C=C1,D08AC52,Chlorhexidine
O=C(OOC(=O)C1=CC=CC=C1)C1=CC=CC=C1,D10AE51,Benzoyl peroxide
CCCCC[C@H](O)\C=C\[C@H]1[C@H](O)CC(=O)[C@@H]1CCCCCCC(O)=O,G04BE01,Alprostadil
CC(C)NCC(O)COC1=CC=C(CC(N)=O)C=C1,C07FB03,Atenolol
OC[C@@H](O)[C@@H](O)[C@H](O)[C@H](O)CO,A06AD16,Mannitol
CC(C(O)=O)C1=CC=CC(=C1)C(=O)C1=CC=CC=C1,M02AA10,Ketoprofen
NC1=NC(=O)C2=NC(CNC3=CC=C(C=C3)C(=O)N[C@@H](CCC(O)=O)C(O)=O)=CNC2=N1,B03BB51,Folic acid
NC(=N)NC1=NC(CSCCC(=N)NS(N)(=O)=O)=CS1,A02BA03,Famotidine
O=C(OOC(=O)C1=CC=CC=C1)C1=CC=CC=C1,D10AE01,Benzoyl peroxide
ClC=C(Cl)Cl,N01AB05,Trichloroethylene
CCC(=O)O[C@H]1[C@H](C)O[C@H](C[C@@]1(C)OC(C)=O)O[C@@H]1[C@@H](C)O[C@@H](OC2[C@@H](CC=O)C[C@@H](C)[C@@H](OC(C)=O)\C=C\C=C\C[C@@H](C)OC(=O)C[C@@H](OC(=O)CC)[C@@H]2OC)[C@H](O)[C@H]1N(C)C,J01FA11,Miocamycin
CC(=O)N(O)CCCCCNC(=O)CCC(=O)N(O)CCCCCNC(=O)CCC(=O)N(O)CCCCCN,V03AC01,Deferoxamine
NNC(=O)C1=CC=NC=C1,J04AM05,Isoniazid
C[C@]12CC[C@H]3[C@@H](CCC4=C3C=CC(O)=C4)[C@@H]1CC[C@@H]2O,G03FA08,Estradiol
C[C@]12CC[C@H]3[C@@H](CCC4=C3C=CC(O)=C4)[C@@H]1CC[C@@H]2O,G03FB03,Estradiol
CC1(C)C2CCC1(C)C(=O)C2,C01EB02,Camphor
CN1C2=C(N=CN2)C(=O)N(C)C1=O,R03DB04,Theophylline
NC1=NC=NC2=C1N=CN2[C@@H]1O[C@H](CO)[C@@H](O)[C@@H]1O,S01AD06,Vidarabine
C[C@]12CC[C@H]3[C@@H](CCC4=C3C=CC(O)=C4)[C@@H]1CC[C@@H]2O,G03FB08,Estradiol
NC[C@H]1O[C@H](O[C@@H]2[C@@H](N)C[C@@H](N)[C@H](O)[C@H]2O[C@@H]2O[C@H](CO)[C@@H](O)[C@H]2O)[C@H](N)[C@@H](O)[C@@H]1O,J01GB10,Ribostamycin
CNC(NCCSCC1=CC=C(CN(C)C)O1)=C[N+]([O-])=O,A02BA02,Ranitidine
COC1=CC=C2C[C@@H]3[C@@H]4C=C[C@H](O)[C@@H]5OC1=C2[C@]45CCN3C,N02AA79,Codeine
NC(=O)OCCCC1=CC=CC=C1,M03BA71,Phenprobamate
COC1=CC=C2C[C@@H]3[C@@H]4CC[C@H](O)[C@@H]5OC1=C2[C@]45CCN3C,N02AA08,Dihydrocodeine
CC[C@H](C)C(=O)O[C@H]1C[C@@H](C)C=C2C=C[C@H](C)[C@H](CC[C@@H]3C[C@@H](O)CC(=O)O3)[C@@H]12,C10AA02,Lovastatin
CN1C2=C(N(CC(O)=O)C=N2)C(=O)N(C)C1=O,R03DA09,Acefylline
CC(=O)CC(C1=CC=CC=C1)C1=C(O)C2=CC=CC=C2OC1=O,B01AA03,Warfarin
OC[C@@H](NC(=O)C(Cl)Cl)[C@H](O)C1=CC=C(C=C1)[N+]([O-])=O,S02AA01,Chloramphenicol
OC(CC1=CN=CC=C1)(P(O)(O)=O)P(O)(O)=O,M05BA07,Risedronic acid
CO[C@H]1\C=C\O[C@@]2(C)OC3=C(C)C(O)=C4C(O)=C(NC(=O)\C(C)=C/C=C/[C@H](C)[C@H](O)[C@@H](C)[C@@H](O)[C@@H](C)[C@H](OC(C)=O)[C@@H]1C)C=C(O)C4=C3C2=O,D06AX15,Rifamycin
CO[C@@H]1C[C@@H](CC[C@H]1O)\C=C(/C)[C@H]1OC(=O)[C@@H]2CCCCN2C(=O)C(=O)[C@]2(O)O[C@@H]([C@H](C[C@H]2C)OC)[C@H](C[C@@H](C)C\C(C)=C\[C@@H](CC=C)C(=O)C[C@H](O)[C@@H]1C)OC,D11AH01,Tacrolimus
N#CC1=CC=C(C=C1)C(N1C=NC=N1)C1=CC=C(C=C1)C#N,L02BG04,Letrozole
CC[C@H](C)C(=O)O[C@H]1C[C@@H](C)C=C2C=C[C@H](C)[C@H](CC[C@@H]3C[C@@H](O)CC(=O)O3)[C@@H]12,C10BA01,Lovastatin
OC1=CC=CC=C1,R02AA19,Phenol
OC(=O)CCCC[C@@H]1SC[C@@H]2NC(=O)N[C@H]12,A11HA05,Biotin
CC(C)NCC(O)COC1=CC=C(CC(N)=O)C=C1,C07CB53,Atenolol
NC(=O)C1=CC=CC=C1O,N02BA55,Salicylamide
CNCCC(OC1=CC=C(C=C1)C(F)(F)F)C1=CC=CC=C1,N06CA03,Fluoxetine
OC1=CC=C2C[C@H]3N(CC=C)CC[C@@]45[C@@H](OC1=C24)C(=O)CC[C@@]35O,N02AA55,Naloxone
CN1C[C@@H](C=C2[C@H]1CC1=CNC3=CC=CC2=C13)C(=O)N[C@]1(C)O[C@@]2(O)[C@@H]3CCCN3C(=O)[C@H](CC3=CC=CC=C3)N2C1=O,N02CA72,Ergotamine
COC(=O)[C@@H](N)CC1=CC(O)=C(O)C=C1,N04BA04,Melevodopa
OC(=O)C1=CN(C2CC2)C2=CC(N3CCNCC3)=C(F)C=C2C1=O,S03AA07,Ciprofloxacin
OC[C@H]1O[C@H](O)[C@H](O)[C@@H](O)[C@H]1O,V04CE01,Galactose
OC1=CC=C2C[C@H]3N(CC=C)CC[C@@]45[C@@H](OC1=C24)C(=O)CC[C@@]35O,V03AB15,Naloxone
NC(=O)OCCCC1=CC=CC=C1,M03BA01,Phenprobamate
O=C(O[C@H]1CN2CCC1CC2)N1CCC2=CC=CC=C2[C@@H]1C1=CC=CC=C1,G04CA53,Solifenacin
CN(C)CCOC(C1=CC=CC=C1)C1=CC=CC=C1,D04AA33,Diphenhydramine
OC1=CC=C2C[C@H]3N(CC=C)CC[C@@]45[C@@H](OC1=C24)C(=O)CC[C@@]35O,N02AA53,Naloxone
C\C=C\C1=C(N2[C@H](SC1)[C@H](NC(=O)[C@H](N)C1=CC=C(O)C=C1)C2=O)C(O)=O,J01DC10,Cefprozil
CC1=C(O)C(CO)=C(CO)C=N1,J04AM08,Pyridoxine
NS(=O)(=O)C1=C(Cl)C=C2NCNS(=O)(=O)C2=C1,C09XA54,Hydrochlorothiazide
C[C@H]1O[C@@H](O[C@@H]2C[C@@H]3O[C@@](O)(C[C@H](O)[C@H]3C(O)=O)C[C@@H](O)C[C@H]3O[C@@H]3\C=C\C(=O)O[C@H](C)C\C=C\C=C\C=C\C=C\2)[C@@H](O)[C@@H](N)[C@@H]1O,D01AA02,Natamycin
C[C@H]1O[C@@H](O[C@@H]2C[C@@H]3O[C@@](O)(C[C@H](O)[C@H]3C(O)=O)C[C@@H](O)[C@H](O)CC[C@@H](O)C[C@@H](O)C[C@@H](O)CC(=O)O[C@@H](C)[C@H](C)[C@H](O)[C@@H](C)\C=C\C=C\CC\C=C\C=C\C=C\C=C\2)[C@@H](O)[C@@H](N)[C@@H]1O,G01AA51,Nystatin
COC1=CC=C2N=CC=C([C@H](O)[C@H]3C[C@@H]4CC[N@]3C[C@@H]4C=C)C2=C1,C01BA71,Quinidine
NS(=O)(=O)C1=C(Cl)C=C2NCNS(=O)(=O)C2=C1,G01AE10,Hydrochlorothiazide
CC(C)(O)C(Cl)(Cl)Cl,A04AD54,Chlorobutanol
CCCCC1C(=O)N(N(C1=O)C1=CC=C(O)C=C1)C1=CC=CC=C1,M01AA03,Oxyphenbutazone
COC1=CC=C2C[C@H]3N(C)CC[C@@]45[C@@H](OC1=C24)C(=O)CC[C@@]35O,N02AJ18,Oxycodone
CC1=NC=C(N1CCO)[N+]([O-])=O,J01RA04,Metronidazole
CN(C)[C@H]1[C@@H]2[C@@H](O)[C@H]3C(=C(O)[C@]2(O)C(=O)C(C(N)=O)=C1O)C(=O)C1=C(O)C=CC=C1[C@@]3(C)O,S01AA04,Oxytetracycline
CN[C@@H](C)[C@H](O)C1=CC=CC=C1,C01CA26,Ephedrine
OC1=CC=CC=C1,N01BX03,Phenol
CC(C)NCC(O)COC1=C2C=CC=CC2=CC=C1,C07FX01,Propranolol
CO[C@H]1[C@@H](C[C@@H]2CN3CCC4=C(NC5=C4C=CC(OC)=C5)[C@H]3C[C@@H]2[C@@H]1C(=O)OC)OC(=O)C1=CC(OC)=C(OC)C(OC)=C1,C02LA01,Reserpine
C[C@]12CC[C@H]3[C@@H](CCC4=C3C=CC(O)=C4)[C@@H]1CC[C@@H]2O,G03FA16,Estradiol
CO[C@H]1C[C@H](O[C@H]2[C@H](C)[C@@H](O[C@@H]3O[C@H](C)C[C@@H]([C@H]3O)N(C)C)[C@@H](C)C[C@@]3(CO3)C(=O)[C@H](C)[C@@H](O)[C@@H](C)[C@@H](C)OC(=O)[C@@H]2C)O[C@@H](C)[C@@H]1O,J01FA05,Oleandomycin
CC(C)CC1=CC=C(C=C1)C(C)C(O)=O,R02AX02,Ibuprofen
OCC1(O)OC[C@@H](O)[C@@H](O)[C@@H]1O,V06DC02,Fructose
C\C(\C=C\C1=C(C)CCCC1(C)C)=C/C=C/C(/C)=C/C(O)=O,D10AD51,Tretinoin
NC1=CC=C(C=C1)C(O)=O,D11AX23,Aminobenzoic acid
CC1=NC=C(N1CCO)[N+]([O-])=O,A02BD01,Metronidazole
NCC[C@H](O)C(=O)N[C@@H]1C[C@H](N)[C@@H](O[C@H]2O[C@H](CN)[C@@H](O)[C@H](O)[C@H]2O)[C@H](O)[C@H]1O[C@H]1O[C@H](CO)[C@@H](O)[C@H](N)[C@H]1O,S01AA21,Amikacin
CC(O)=O,G01AD02,Acetic acid
CN1C2=CC=C(Cl)C=C2C(=NCC1=O)C1=CC=CC=C1,N05BA01,Diazepam
COC1=CC=C2C=C(C=CC2=C1)[C@H](C)C(O)=O,M01AE52,Naproxen
COC1=C2C(=O)C3=C(C(O)=C4C[C@](O)(C[C@H](O[C@H]5C[C@H](N)[C@H](O)[C@H](C)O5)C4=C3O)C(C)=O)C(=O)C2=CC=C1,L01XY01,Daunorubicin
CN[C@@H](C)[C@H](O)C1=CC=CC=C1,R01AA03,Ephedrine
OC[C@@H](NC(=O)C(Cl)Cl)[C@H](O)C1=CC=C(C=C1)[N+]([O-])=O,G01AA05,Chloramphenicol
C[C@]12C[C@H](O)[C@@]3(F)[C@@H](CCC4=CC(=O)C=C[C@]34C)[C@@H]1C[C@@H](O)[C@]2(O)C(=O)CO,A01AC01,Triamcinolone
CN[C@H]1[C@H](O)[C@@H](O)[C@H](CO)O[C@H]1O[C@H]1[C@H](O[C@H]2[C@H](O)[C@@H](O)[C@H](NC(N)=N)[C@@H](O)[C@@H]2NC(N)=N)O[C@@H](C)[C@]1(O)C=O,A07AA54,Streptomycin
OC(O)C(Cl)(Cl)Cl,N05CC01,Chloral hydrate
CCC(C)(C)C(=O)O[C@H]1C[C@@H](C)C=C2C=C[C@H](C)[C@H](CC[C@@H]3C[C@@H](O)CC(=O)O3)[C@@H]12,C10BA02,Simvastatin
COC1=C(O)C=CC(CNC(=O)CCCC\C=C\C(C)C)=C1,N01BX04,Capsaicin
OC1=CC=CC2=C1N=CC=C2,D08AH03,Oxyquinoline
OC[C@H](O)[C@@H](O)[C@H](O[C@@H]1O[C@H](CO)[C@H](O)[C@H](O)[C@H]1O)[C@H](O)CO,A06AD12,Lactitol
ClC1=CC=C2NC(=O)CN=C(C3=CC=CC=C3)C2=C1,N05BA16,Nordazepam
CC1=NC=C(N1CCO)[N+]([O-])=O,D06BX01,Metronidazole
CCOP(=O)(OCC)OC1=CC=C(C=C1)[N+]([O-])=O,S01EB10,Paraoxon
COC(=O)[C@@H]1[C@H]2CC[C@@H](C[C@@H]1OC(=O)C1=CC=CC=C1)N2C,N01BC01,Cocaine
C(C1=NCCN1)C1=CC=CC=C1,C04AB02,Tolazoline
CCC1(CCC(=O)NC1=O)C1=CC=C(N)C=C1,L02BG01,Aminoglutethimide
COC1=CC=NC(CS(=O)C2=NC3=C(N2)C=C(OC(F)F)C=C3)=C1OC,A02BC02,Pantoprazole
NCC[C@H](O)C(=O)N[C@@H]1C[C@H](N)[C@@H](O[C@H]2O[C@H](CN)[C@@H](O)[C@H](O)[C@H]2O)[C@H](O)[C@H]1O[C@H]1O[C@H](CO)[C@@H](O)[C@H](N)[C@H]1O,D06AX12,Amikacin
CN(C)[C@H]1[C@@H]2C[C@H]3C(=C(O)[C@]2(O)C(=O)C(C(N)=O)=C1O)C(=O)C1=C(C=CC=C1O)[C@@]3(C)O,D06AA04,Tetracycline
CC(C(O)=O)C1=CC=CC(=C1)C(=O)C1=CC=CC=C1,M01AE53,Ketoprofen
COC1=C(C\C=C(/C)CCC(O)=O)C(O)=C2C(=O)OCC2=C1C,L04AA06,Mycophenolic acid
CN(C)C(=N)NC(N)=N,A10BA02,Metformin
COC(=O)[C@@H]1[C@H]2CC[C@@H](C[C@@H]1OC(=O)C1=CC=CC=C1)N2C,R02AD03,Cocaine
CC1=CC=C(C=C1)C1=CC(=NN1C1=CC=C(C=C1)S(N)(=O)=O)C(F)(F)F,G01AE10,Celecoxib
NC1=NC2=C(N=CN2COC(CO)CO)C(=O)N1,S01AD09,Ganciclovir
FC1=CNC(=O)NC1=O,L01BC02,Fluorouracil
OC[C@@H](NC(=O)C(Cl)Cl)[C@H](O)C1=CC=C(C=C1)[N+]([O-])=O,D06AX02,Chloramphenicol
CN1C=NC2=C1C(=O)N(C)C(=O)N2C,N06BC01,Caffeine
CO[C@H]1O[C@@H]2O[C@@]3(C)CC[C@H]4[C@H](C)CC[C@@H]([C@H]1C)[C@@]24OO3,P01BF01,Artemether
CN(C)[C@H]1[C@@H]2C[C@@H]3[C@H](O)C4=C(Cl)C=CC(O)=C4C(=O)C3=C(O)[C@]2(O)C(=O)C(C(N)=O)=C1O,J01AA01,Demeclocycline
CC1=NC=C(N1CCO)[N+]([O-])=O,A02BD15,Metronidazole
OC(=O)C1=CC=CC=C1,V04CG30,Benzoic acid
ClC1=CC=C(NC(=N)NC(=N)NCCCCCCNC(=N)NC(=N)NC2=CC=C(Cl)C=C2)C=C1,A01AB03,Chlorhexidine
C[C@@H]1[C@H](O)CC[C@@]2(C)[C@H]1CC[C@@]1(C)[C@H]2[C@H](O)C[C@H]2\C([C@H](C[C@]12C)OC(C)=O)=C(/CCC=C(C)C)C(O)=O,S01AA13,Fusidic acid
C[C@@H]1CC[C@H]2[C@@H](C)[C@H](OC(=O)CCC(O)=O)O[C@@H]3O[C@@]4(C)CC[C@@H]1[C@@]23OO4,P01BE03,Artesunate
CNCCC=C1C2=CC=CC=C2CCC2=C1C=CC=C2,N06AA10,Nortriptyline
CC(C)=CC1C(C(=O)OCC2=CC(OC3=CC=CC=C3)=CC=C2)C1(C)C,P03AC53,Phenothrin
CS(C)=O,G04BX13,Dimethyl sulfoxide
COC(=O)C1=C(C)NC(C)=C(C1C1=C(C=CC=C1)[N+]([O-])=O)C(=O)OC,C08GA01,Nifedipine
CC(C)C1=C(C(=O)NC2=CC=CC=C2)C(=C(N1CC[C@@H](O)C[C@@H](O)CC(O)=O)C1=CC=C(F)C=C1)C1=CC=CC=C1,C10BX15,Atorvastatin
ClC1=CC=C(NC(=N)NC(=N)NCCCCCCNC(=N)NC(=N)NC2=CC=C(Cl)C=C2)C=C1,S02AA09,Chlorhexidine
COC1=C(OC)C=C(CC2=NC=CC3=CC(OC)=C(OC)C=C23)C=C1,G04BE02,Papaverine
N[C@@H](CC1=CC(I)=C(OC2=CC(I)=C(O)C=C2)C(I)=C1)C(O)=O,H03AA03,Liothyronine
CN(C)CCOC(C1=CC=CC=C1)C1=CC=CC=C1,R06AA52,Diphenhydramine
NCCCC[C@H](N)C(O)=O,B05XB03,Lysine
CNC(=O)OC1=CC=C2N(C)[C@H]3N(C)CC[C@@]3(C)C2=C1,V03AB19,Physostigmine
NCC(CC(O)=O)C1=CC=C(Cl)C=C1,M03BX01,Baclofen
CC1=NC=C(N1CCO)[N+]([O-])=O,A02BD11,Metronidazole
NC(=O)C1=CC=CC=C1O,N02BA05,Salicylamide
CC(C)NCC(O)COC1=CC=C(CC(N)=O)C=C1,C07BB03,Atenolol
CC1=NC=C(N1CCO)[N+]([O-])=O,J01XD01,Metronidazole
CN(C)C(=N)NC(N)=N,A10BD23,Metformin
COC1=CC=C2C[C@@H]3[C@@H]4C=C[C@H](O)[C@@H]5OC1=C2[C@]45CCN3C,N02AJ08,Codeine
OC(=O)C1=CN(C2CC2)C2=CC(N3CCNCC3)=C(F)C=C2C1=O,J01RA12,Ciprofloxacin
C\C(\C=C\C1=C(C)CCCC1(C)C)=C/C=C/C(/C)=C\C(O)=O,D10AD04,Isotretinoin
C[C@]12CC[C@H]3[C@@H](CCC4=C3C=CC(O)=C4)[C@@H]1CC[C@@H]2O,G03FA03,Estradiol
COC1=CC=C2C[C@@H]3[C@@H]4C=C[C@H](O)[C@@H]5OC1=C2[C@]45CCN3C,N02AA59,Codeine
CN[C@H]1CC[C@@H](C2=CC(Cl)=C(Cl)C=C2)C2=CC=CC=C12,N06AB06,Sertraline
C[C@]12CC[C@H]3[C@@H](CCC4=C3C=CC(O)=C4)[C@@H]1CC[C@@H]2O,G03FB12,Estradiol
NC1=NC(=O)N(C=C1)[C@@H]1CS[C@H](CO)O1,J05AR12,Lamivudine
C\C(\C=C\C1=C(C)CCCC1(C)C)=C/C=C/C(/C)=C\C(O)=O,D10AD54,Isotretinoin
C[C@]12CC[C@H]3[C@@H](CCC4=C3C=CC(O)=C4)[C@@H]1CC[C@@H]2O,G03FA14,Estradiol
CNC[C@H](O)C1=CC(O)=CC=C1,R01AB01,Phenylephrine
N[C@@H](CC1=CC(O)=C(O)C=C1)C(O)=O,N04BA01,Levodopa
CNC[C@H](O)C1=CC(O)=CC=C1,S01FB01,Phenylephrine
CN(C)[C@H]1[C@@H]2C[C@H]3C(=C(O)[C@]2(O)C(=O)C(C(N)=O)=C1O)C(=O)C1=C(C(Cl)=CC=C1O)[C@@]3(C)O,S01AA02,Chlortetracycline
NS(=O)(=O)C1=C(Cl)C=C2NCNS(=O)(=O)C2=C1,C03EA01,Hydrochlorothiazide
CC1=NOC(CCCOC2=C(C)C=C(C=C2C)C2=NOC(=N2)C(F)(F)F)=C1,J05AX06,Pleconaril
NC1=C2N=CN([C@@H]3O[C@H](CO)[C@@H](O)[C@H]3O)C2=NC=N1,C01EB10,Adenosine
ClC1=CC=C(NC(=N)NC(=N)NCCCCCCNC(=N)NC(=N)NC2=CC=C(Cl)C=C2)C=C1,D08AC02,Chlorhexidine
OC(CC1=CN=CC=C1)(P(O)(O)=O)P(O)(O)=O,M05BB02,Risedronic acid
CN1CC[C@]23[C@H]4OC5=C(O)C=CC(C[C@@H]1[C@@H]2C=C[C@@H]4O)=C35,N02AA51,Morphine
CO[C@H]1\C=C\O[C@@]2(C)OC3=C(C)C(O)=C4C(O)=C(NC(=O)\C(C)=C/C=C/[C@H](C)[C@H](O)[C@@H](C)[C@@H](O)[C@@H](C)[C@H](OC(C)=O)[C@@H]1C)C=C(O)C4=C3C2=O,A07AA13,Rifamycin
OC(=O)\C=C\C(O)=O,D05AX01,Fumaric acid
COCCC1=CC=C(OCC(O)CNC(C)C)C=C1,C07FX03,Metoprolol
CC(C)(C)NCC(O)C1=CC(O)=CC(O)=C1,R03AC03,Terbutaline
OC(=O)CCCCCCCCC=C,D01AE54,Undecylenic acid
NC(=O)C1=CC=CC=C1O,N02BA75,Salicylamide
C[C@]12CC[C@H]3[C@@H](CCC4=C3C=CC(O)=C4)[C@@H]1CC[C@@H]2O,G03FB09,Estradiol
CN[C@@H](C)[C@H](O)C1=CC=CC=C1,A08AA56,Ephedrine
OC[C@H](O)[C@@H](O)[C@H](O)[C@H](O)CO,V04CC01,Sorbitol
C[C@]12CC[C@H]3[C@@H](CCC4=C3C=CC(O)=C4)[C@@H]1CC[C@@H]2O,G03EA01,Estradiol
C[C@]12CCC(=O)C=C1CC[C@H]1[C@@H]3CC[C@H](C(=O)CO)[C@]3(C[C@H](O)[C@H]21)C=O,H02AA01,Aldosterone
C[C@]12CC[C@H]3[C@@H](CCC4=C3C=CC(O)=C4)[C@@H]1CC[C@@H]2O,G03EA02,Estradiol
CC1=CC2=C(C=C1C)N(C[C@H](O)[C@H](O)[C@H](O)CO)C1=NC(=O)NC(=O)C1=N2,S01XA26,Riboflavin
C1CCN2C[C@@H]3C[C@@H](CN4CCCC[C@H]34)[C@@H]2C1,C01BA04,Sparteine
ClC1=CC=C(NC(=N)NC(=N)NCCCCCCNC(=N)NC(=N)NC2=CC=C(Cl)C=C2)C=C1,S01AX09,Chlorhexidine
C[C@H]1COC2=C(N3CCN(C)CC3)C(F)=CC3=C2N1C=C(C(O)=O)C3=O,A02BD10,Levofloxacin
C[C@@H]1CC[C@H]2[C@@H](C)C(=O)O[C@@H]3O[C@@]4(C)CC[C@@H]1[C@@]23OO4,P01BE01,Artemisinin
CC(=O)N1CCN(CC1)C1=CC=C(OCC2COC(CN3C=CN=C3)(O2)C2=C(Cl)C=C(Cl)C=C2)C=C1,D01AC08,Ketoconazole
C[C@H]1C[C@H]2[C@@H]3CC[C@](O)(C(=O)CO)[C@@]3(C)C[C@H](O)[C@@H]2[C@@]2(C)C=CC(=O)C=C12,D07CA02,Methylprednisolone
CCCCCC1=CC(O)=C([C@@H]2C=C(C)CC[C@H]2C(C)=C)C(O)=C1,N03AX24,Cannabidiol
COCCC1=CC=C(OCC(O)CNC(C)C)C=C1,C07FX05,Metoprolol
COC1=C(OC)C=C(CC2=NC=CC3=CC(OC)=C(OC)C=C23)C=C1,G04BE52,Papaverine
COC1=CC=C2C=C(C=CC2=C1)[C@H](C)C(O)=O,M01AE02,Naproxen
ONC(=O)CCCCCCC(=O)NC1=CC=CC=C1,L01XX38,Vorinostat
C[C@H](CCCC(C)(C)O)[C@H]1CC[C@H]2\C(CCC[C@]12C)=C\C=C1\C[C@@H](O)C[C@H](O)C1=C,A11CC04,Calcitriol
C[C@H]1O[C@@H](O[C@@H]2C[C@@H]3O[C@@](O)(C[C@H](O)[C@H]3C(O)=O)C[C@@H](O)[C@H](O)CC[C@@H](O)C[C@@H](O)C[C@@H](O)CC(=O)O[C@@H](C)[C@H](C)[C@H](O)[C@@H](C)\C=C\C=C\CC\C=C\C=C\C=C\C=C\2)[C@@H](O)[C@@H](N)[C@@H]1O,D01AA01,Nystatin
CN(C)[C@H]1[C@@H]2[C@@H](O)[C@H]3C(=C(O)[C@]2(O)C(=O)C(C(N)=O)=C1O)C(=O)C1=C(O)C=CC=C1[C@@]3(C)O,G01AA07,Oxytetracycline
CC(C)(C(O)=O)C1=CC=C(C=C1)C(O)CCCN1CCC(CC1)C(O)(C1=CC=CC=C1)C1=CC=CC=C1,R06AX26,Fexofenadine
CC1(C)O[C@@H]2CO[C@@]3(COS(N)(=O)=O)OC(C)(C)O[C@H]3[C@@H]2O1,N03AX11,Topiramate
COC1=C(O)C=C(C=C1)C1=CC(=O)C2=C(O)C=C(O[C@@H]3O[C@H](CO[C@@H]4O[C@@H](C)[C@H](O)[C@@H](O)[C@H]4O)[C@@H](O)[C@H](O)[C@H]3O)C=C2O1,C05CA03,Diosmin
OC[C@H](O)[C@@H](O)[C@H](O)[C@H](O)CO,A06AD18,Sorbitol
C[C@@H]1O[C@@H]1P(O)(O)=O,J01XX01,Fosfomycin
CCOC1=C(OCCN[C@H](C)CC2=CC(=C(OC)C=C2)S(N)(=O)=O)C=CC=C1,G04CA02,Tamsulosin
NS(=O)(=O)C1=C(Cl)C=C2NCNS(=O)(=O)C2=C1,C09DX06,Hydrochlorothiazide
CN1C2=C(N=CN2)C(=O)N(C)C1=O,R03DA74,Theophylline
C[C@]12CC[C@H]3[C@@H](CCC4=C3CCC(=O)C4)[C@@H]1CC[C@@]2(O)C#C,G03FA09,Norethynodrel
C[C@]12CC[C@H]3[C@@H](CCC4=C3C=CC(O)=C4)[C@@H]1C[C@@H](O)[C@@H]2O,G03CA04,Estriol
CO[C@H]1[C@@H](C[C@@H]2CN3CCC4=C(NC5=C4C=CC(OC)=C5)[C@H]3C[C@@H]2[C@@H]1C(=O)OC)OC(=O)C1=CC(OC)=C(OC)C(OC)=C1,C02LA51,Reserpine
NS(=O)(=O)C1=C(Cl)C=C2NCNS(=O)(=O)C2=C1,C03AX01,Hydrochlorothiazide
NC1=CC=C(C=C1)C(O)=O,D02BA01,Aminobenzoic acid
CC[C@H]1OC(=O)[C@H](C)[C@@H](O[C@H]2C[C@@](C)(OC)[C@@H](O)[C@H](C)O2)[C@H](C)[C@@H](O[C@@H]2O[C@H](C)C[C@@H]([C@H]2O)N(C)C)[C@](C)(O)C[C@@H](C)C(=O)[C@H](C)[C@@H](O)[C@]1(C)O,S01AA17,Erythromycin
OCC1=CN=CC=C1,C10AD05,Nicotinyl alcohol
CCCCCNC(=N)NN=CC1=CNC2=C1C=C(OC)C=C2,A06AX06,Tegaserod
CN(C)[C@H]1[C@@H]2C[C@H]3C(=C(O)[C@]2(O)C(=O)C(C(N)=O)=C1O)C(=O)C1=C(C=CC=C1O)[C@@]3(C)O,S02AA08,Tetracycline
COC1=C(OC)C(OC)=C2C(CC[C@H](NC(C)=O)C3=CC(=O)C(OC)=CC=C23)=C1,M04AC01,Colchicine
OC(CC1=CN=CC=C1)(P(O)(O)=O)P(O)(O)=O,M05BB07,Risedronic acid
COC1=CC=C2C[C@H]3N(C)CC[C@@]45[C@@H](OC1=C24)C(=O)CC[C@@]35O,N02AJ19,Oxycodone
CC(C)CC1=CC=C(C=C1)[C@H](C)C(O)=O,M01AE14,Dexibuprofen
NC1=NC(=O)N(C=C1)[C@@H]1CS[C@H](CO)O1,J05AR02,Lamivudine
CC[C@H]1\C=C(C)\[C@@H](O)C\C=C\C=C(CO[C@@H]2O[C@H](C)[C@@H](OC(=O)C3=C(CC)C(Cl)=C(O)C(Cl)=C3O)[C@H](O)[C@@H]2OC)\C(=O)O[C@@H](C\C=C(/C)\C=C(C)\[C@@H]1O[C@@H]1OC(C)(C)[C@@H](OC(=O)C(C)C)[C@H](O)[C@@H]1O)[C@@H](C)O,A07AA12,Fidaxomicin
CC1COC2=C(N3CCN(C)CC3)C(F)=CC3=C2N1C=C(C(O)=O)C3=O,S01AE01,Ofloxacin
COC1=C2C(=O)C3=C(C(O)=C4C[C@](O)(C[C@H](O[C@H]5C[C@H](N)[C@H](O)[C@H](C)O5)C4=C3O)C(C)=O)C(=O)C2=CC=C1,L01DB02,Daunorubicin
C[C@H]1O[C@H](O[C@@H]2[C@@H](CO)O[C@H](O[C@@H]3[C@@H](CO)OC(O)[C@H](O)[C@H]3O)[C@H](O)[C@H]2O)[C@H](O)[C@@H](O)[C@@H]1N[C@H]1C=C(CO)[C@@H](O)[C@H](O)[C@H]1O,A10BD17,Acarbose
CC1=NC=C(N1CCO)[N+]([O-])=O,A01AB17,Metronidazole
C[C@]12CC[C@H]3[C@@H](CCC4=C3C=CC(O)=C4)[C@@H]1CC[C@@H]2O,G03FB02,Estradiol
COC1=CC=C2C[C@@H]3[C@@H]4CC[C@H](O)[C@@H]5OC1=C2[C@]45CCN3C,N02AA58,Dihydrocodeine
C[C@@H]1[C@H](O)CC[C@@]2(C)[C@H]1CC[C@@]1(C)[C@H]2[C@H](O)C[C@H]2\C([C@H](C[C@]12C)OC(C)=O)=C(/CCC=C(C)C)C(O)=O,D09AA02,Fusidic acid
OC(=O)CC(O)(CC(O)=O)C(O)=O,A09AB04,Citric acid
CO[C@H]1[C@@H](C[C@@H]2CN3CCC4=C(NC5=C4C=CC(OC)=C5)[C@H]3C[C@@H]2[C@@H]1C(=O)OC)OC(=O)C1=CC(OC)=C(OC)C(OC)=C1,C02AA02,Reserpine
CN1[C@H]2CC[C@@H]1C[C@@H](C2)OC(=O)C(CO)C1=CC=CC=C1,S01FA01,Atropine
CN(C)[C@H]1[C@@H]2C[C@H]3C(=C(O)[C@]2(O)C(=O)C(C(N)=O)=C1O)C(=O)C1=C(C(Cl)=CC=C1O)[C@@]3(C)O,D06AA02,Chlortetracycline
CC1=[N+](CCCCCCCCCC[N+]2=C(C)C=C(N)C3=CC=CC=C23)C2=CC=CC=C2C(N)=C1,R02AA02,Dequalinium
COC(=O)C1=C(C)NC(C)=C(C1C1=CC(=CC=C1)[N+]([O-])=O)C(=O)OCCN(C)CC1=CC=CC=C1,C08CA04,Nicardipine
CC[C@H]1OC(=O)[C@H](C)[C@@H](O[C@H]2C[C@@](C)(OC)[C@@H](O)[C@H](C)O2)[C@H](C)[C@@H](O[C@@H]2O[C@H](C)C[C@@H]([C@H]2O)N(C)C)[C@](C)(O)C[C@@H](C)C(=O)[C@H](C)[C@@H](O)[C@]1(C)O,D10AF52,Erythromycin
NNC(=O)C1=CC=NC=C1,J04AC01,Isoniazid
C[C@]12CC[C@H]3[C@@H](CCC4=C3C=CC(O)=C4)[C@@H]1CC[C@@H]2O,G03FA04,Estradiol
CC1=NC=C(N1CCO)[N+]([O-])=O,J01RA03,Metronidazole
CN1C=NC2=C1C(=O)NC(=O)N2C,R03DA07,Theobromine
CNC[C@H](O)C1=CC(O)=CC=C1,S01FB51,Phenylephrine
CC1=C(OCC(O)CO)C=CC=C1,M03BX06,Mephenesin
COC1=C(OC)C(=O)C(C\C=C(/C)CC\C=C(/C)CC\C=C(/C)CC\C=C(/C)CC\C=C(/C)CC\C=C(/C)CC\C=C(/C)CC\C=C(/C)CC\C=C(/C)CCC=C(C)C)=C(C)C1=O,C01EB09,Ubidecarenone
C[C@]1(O)CC[C@H]2[C@@H]3CCC4=CC(=O)CC[C@]4(C)[C@H]3CC[C@]12C,G03BA02,Methyltestosterone
NC1=CC(O)=C(C=C1)C(O)=O,J04AA03,Aminosalicylic acid
C[C@H]1O[C@H](C[C@H](O)[C@@H]1O)O[C@H]1[C@@H](O)C[C@H](O[C@H]2[C@@H](O)C[C@H](O[C@H]3CC[C@@]4(C)[C@H](CC[C@@H]5[C@@H]4CC[C@]4(C)[C@H](CC[C@]54O)C4=CC(=O)OC4)C3)O[C@@H]2C)O[C@@H]1C,C01AA04,Digitoxin
CCCCC[C@H](O)\C=C\[C@H]1[C@H](O)CC(=O)[C@@H]1C\C=C/CCCC(O)=O,G02AD02,Dinoprostone
NC[C@@H]1O[C@H](O[C@@H]2[C@@H](CO)O[C@@H](O[C@@H]3[C@@H](O)[C@H](N)C[C@H](N)[C@H]3O[C@H]3O[C@H](CO)[C@@H](O)[C@H](O)[C@H]3N)[C@@H]2O)[C@H](N)[C@@H](O)[C@@H]1O,A07AA06,Paromomycin
OC(=O)C1=CN(C2CC2)C2=CC(N3CCNCC3)=C(F)C=C2C1=O,J01RA10,Ciprofloxacin
CC[C@]1(O)C[C@@H]2CN(C1)CCC1=C(NC3=CC=CC=C13)[C@@](C2)(C(=O)OC)C1=C(OC)C=C2N(C)[C@@H]3[C@]4(CCN5CC=C[C@](CC)([C@@H]45)[C@@H](OC(C)=O)[C@]3(O)C(=O)OC)C2=C1,L01CA01,Vinblastine
C[C@]12C[C@H](O)[C@@]3(F)[C@@H](CCC4=CC(=O)C=C[C@]34C)[C@@H]1C[C@@H](O)[C@]2(O)C(=O)CO,D07AB09,Triamcinolone
CCCCCCCCCCCCCCCC(=O)OC[C@H](COP([O-])(=O)OCC[N+](C)(C)C)OC(=O)CCCCCCCCCCCCCCC,R07AA01,Colfosceril palmitate
CC(C)CC1=CC=C(C=C1)C(C)C(O)=O,N02AJ19,Ibuprofen
C[C@H](CCC(O)=O)[C@H]1CC[C@H]2[C@@H]3CC[C@@H]4C[C@H](O)CC[C@]4(C)[C@H]3C[C@H](O)[C@]12C,D11AX24,Deoxycholic acid
CC1=CC2=CC3=C(OC(=O)C=C3C)C(C)=C2O1,D05BA01,Trioxsalen
C[C@@H]1CC[C@H]2[C@@H](C)[C@H](OC(=O)CCC(O)=O)O[C@@H]3O[C@@]4(C)CC[C@@H]1[C@@]23OO4,P01BF06,Artesunate
C[C@]12CC[C@H]3[C@@H](CCC4=C3C=CC(O)=C4)[C@@H]1C[C@@H](O)[C@@H]2O,G03CC06,Estriol
CC(C)(CO)[C@@H](O)C(=O)NCCCO,S01XA12,Dexpanthenol
CC(C)[C@@H](C)\C=C\[C@@H](C)[C@H]1CC[C@H]2\C(CCC[C@]12C)=C\C=C1\C[C@@H](O)CCC1=C,A11CC01,Ergocalciferol
OC1=NC=NC2=C1C=NN2,M04AA51,Allopurinol
NC1=NC(=O)C2=NC(CNC3=CC=C(C=C3)C(=O)N[C@@H](CCC(O)=O)C(O)=O)=CNC2=N1,V04CX02,Folic acid
C[C@H](CCCC(C)(C)O)[C@H]1CC[C@H]2\C(CCC[C@]12C)=C\C=C1\C[C@@H](O)C[C@H](O)C1=C,D05AX03,Calcitriol
COC1=CC=C(C=C1)C(CN(C)C)C1(O)CCCCC1,N06AX16,Venlafaxine
CN(C)[C@H]1[C@@H]2C[C@H]3C(=C(O)[C@]2(O)C(=O)C(C(N)=O)=C1O)C(=O)C1=C(C=CC=C1O)[C@@]3(C)O,A01AB13,Tetracycline
NCC[C@H](O)C(=O)N[C@@H]1C[C@H](N)[C@@H](O[C@H]2O[C@H](CN)[C@@H](O)[C@H](O)[C@H]2O)[C@H](O)[C@H]1O[C@H]1O[C@H](CO)[C@@H](O)[C@H](N)[C@H]1O,J01RA06,Amikacin
C(C1=NCCN1)C1=CC=CC=C1,M02AX02,Tolazoline
CC(C)NC[C@H](O)COC1=CC=C(CC(N)=O)C=C1,C07AB11,Esatenolol
COC1=C(O)C=CC(CNC(=O)CCCC\C=C\C(C)C)=C1,M02AB01,Capsaicin
NC1=CC(O)=C(C=C1)C(O)=O,J04AA02,Aminosalicylic acid
C\C=C(\C(=C\C)\C1=CC=C(O)C=C1)/C1=CC=C(O)C=C1,G03CC02,Dienestrol
S=C1N=CNC2=C1NC=N2,R03DA20,Mercaptopurine
CN1CCC[C@H]1C1=CC=CN=C1,N07BA01,Nicotine
NS(=O)(=O)C1=C(Cl)C=C2NCNS(=O)(=O)C2=C1,C09BX03,Hydrochlorothiazide
OC[C@H]1O[C@H](O)[C@H](O)[C@@H](O)[C@H]1O,V08DA02,Galactose
CC(C)NCC(O)COC1=C2C=CC=CC2=CC=C1,C07AA05,Propranolol
CC1=CC2=C(C=C1C)N(C[C@H](O)[C@H](O)[C@H](O)CO)C1=NC(=O)NC(=O)C1=N2,A11HA04,Riboflavin
C[C@]12CC[C@H]3[C@@H](CCC4=C3C=CC(O)=C4)[C@@H]1CC[C@@H]2O,G03FA01,Estradiol
NCCCCCC(O)=O,B02AA01,Aminocaproic acid
NC1=NC(=O)N(C=C1)[C@@H]1CS[C@H](CO)O1,J05AR07,Lamivudine
[O-][N+](=O)O[C@@H]1CO[C@@H]2[C@H](CO[C@H]12)O[N+]([O-])=O,C01DA58,Isosorbide dinitrate
OC(=O)C1=CN(C2CC2)C2=CC(N3CCNCC3)=C(F)C=C2C1=O,J01MA02,Ciprofloxacin
ClC1=CC2=C(OC(=O)N2)C=C1,M03BB73,Chlorzoxazone
CN1C=NC2=C1C(=O)N(C)C(=O)N2C,R03DA20,Caffeine
CCC(C)(C)C(=O)O[C@H]1C[C@@H](C)C=C2C=C[C@H](C)[C@H](CC[C@@H]3C[C@@H](O)CC(=O)O3)[C@@H]12,C10AA01,Simvastatin
CN(C)C(=N)NC(N)=N,A10BD03,Metformin
C[C@]12CC[C@H]3[C@@H](CCC4=CC(=O)CC[C@H]34)[C@@H]1CC[C@@H]2O,A14AB01,Nandrolone
O[C@H]1C=C[C@H]2[C@H]3CC4=CC=C(O)C5=C4[C@@]2(CCN3CC=C)[C@H]1O5,V03AB02,Nalorphine
COC1=CC=C2C[C@@H]3[C@@H]4CC[C@H](O)[C@@H]5OC1=C2[C@]45CCN3C,N02AJ01,Dihydrocodeine
C[C@H]1O[C@@H](O[C@@H]2C[C@@H]3O[C@@](O)(C[C@H](O)[C@H]3C(O)=O)C[C@@H](O)C[C@@H](O)[C@H](O)CC[C@@H](O)C[C@@H](O)CC(=O)O[C@@H](C)[C@H](C)[C@H](O)[C@@H](C)\C=C\C=C\C=C\C=C\C=C\C=C\C=C\2)[C@@H](O)[C@@H](N)[C@@H]1O,A01AB04,Amphotericin B
CNC[C@H](O)C1=CC(O)=CC=C1,R01BA53,Phenylephrine
CN(C)[C@H]1[C@@H]2[C@@H](O)[C@H]3C(=C(O)[C@]2(O)C(=O)C(C(N)=O)=C1O)C(=O)C1=C(O)C=CC=C1[C@@]3(C)O,J01AA06,Oxytetracycline
NC1=NC(=O)N(C=C1)[C@@H]1CS[C@H](CO)O1,J05AR24,Lamivudine
CC1=CC=C(C=C1)C1=CC(=NN1C1=CC=C(C=C1)S(N)(=O)=O)C(F)(F)F,L01XX33,Celecoxib
CC[C@H](C)[C@@H]1NC(=O)[C@H](CC2=CC=C(O)C=C2)NC(=O)[C@@H](N)CSSC[C@H](NC(=O)[C@H](CC(N)=O)NC(=O)[C@H](CCC(N)=O)NC1=O)C(=O)N1CCC[C@H]1C(=O)N[C@@H](CC(C)C)C(=O)NCC(N)=O,G02AC01,Oxytocin
CCOC(=O)N1CCC(CC1)=C1C2=CC=C(Cl)C=C2CCC2=C1N=CC=C2,R06AX13,Loratadine
NC1=NC(=O)N(C=C1)[C@@H]1CS[C@H](CO)O1,J05AR27,Lamivudine
CN1[C@H]2CC[C@@H]1C[C@@H](C2)OC(=O)C(CO)C1=CC=CC=C1,A03BA01,Atropine
CCOC(=O)C1=C[C@@H](OC(CC)CC)[C@H](NC(C)=O)[C@@H](N)C1,J05AH02,Oseltamivir
CNC(=O)OC1=CC=C2N(C)[C@H]3N(C)CC[C@@]3(C)C2=C1,S01EB05,Physostigmine
CN[C@@H](C)[C@H](O)C1=CC=CC=C1,S01FB02,Ephedrine
NCCC[C@H](N)C(O)=O,A05BA06,Ornithine
CN(C)[C@H]1[C@@H]2C[C@H]3C(=C(O)[C@]2(O)C(=O)C(C(N)=O)=C1O)C(=O)C1=C(C=CC=C1O)[C@@]3(C)O,J01AA07,Tetracycline
ClC1=CC=C(NC(=N)NC(=N)NCCCCCCNC(=N)NC(=N)NC2=CC=C(Cl)C=C2)C=C1,S03AA04,Chlorhexidine
NCC(O)C1=CC=C(O)C=C1,C01CA18,Octopamine
C[C@]12CC[C@H]3[C@@H](CCC4=C3C=CC(O)=C4)[C@@H]1CC[C@@H]2O,G03AA17,Estradiol
OC[C@H](O)[C@@H](O)[C@H](O)[C@H](O)CO,A06AG07,Sorbitol
[O-][N+](=O)O[C@@H]1CO[C@@H]2[C@H](CO[C@H]12)O[N+]([O-])=O,C01DA08,Isosorbide dinitrate
C\C(\C=C\C1=C(C)CCCC1(C)C)=C\C=C\C(\C)=C\C(O)=O,D11AH04,Alitretinoin
CC(C)C1=C(C(=O)NC2=CC=CC=C2)C(=C(N1CC[C@@H](O)C[C@@H](O)CC(O)=O)C1=CC=C(F)C=C1)C1=CC=CC=C1,C10BX11,Atorvastatin
C[C@H](N)[C@@H](O)C1=CC=CC=C1,A08AA07,Cathine
CN(C(C)=O)C1=C(I)C(NC(C)=O)=C(I)C(C(O)=O)=C1I,V08AA02,Metrizoic acid
NNC(=O)C1=CC=NC=C1,J04AM07,Isoniazid
C[C@]12CC[C@H]3[C@@H](CCC4=C3C=CC(O)=C4)[C@@H]1CC[C@@H]2O,G03FB07,Estradiol
OC(=O)C1=CC=CC=C1O,N02BA12,Salicylic acid
CN(C)CCC[C@]1(OCC2=C1C=CC(=C2)C#N)C1=CC=C(F)C=C1,N06AB10,Escitalopram
CCOC1=C(OCCN[C@H](C)CC2=CC(=C(OC)C=C2)S(N)(=O)=O)C=CC=C1,G01AE10,Tamsulosin
CN(C)CCC(C1=CC=C(Br)C=C1)C1=CC=CC=N1,R06AB01,Brompheniramine
NNC(=O)C1=CC=NC=C1,J04AM01,Isoniazid
NC1=CC(O)=C(C=C1)C(O)=O,J04AA01,Aminosalicylic acid
CN(C)C(=O)C(CCN1CCC(O)(CC1)C1=CC=C(Cl)C=C1)(C1=CC=CC=C1)C1=CC=CC=C1,A07DA53,Loperamide
CSCC[C@H](N)C(O)=O,V03AB26,Methionine
CN[C@@H](C)[C@H](O)C1=CC=CC=C1,R03CA02,Ephedrine
C[C@]12CC[C@H]3[C@@H](CCC4=C3C=CC(O)=C4)[C@@H]1CCC2=O,G03CC04,Estrone
C[C@]12C[C@H](O)[C@@]3(F)[C@@H](CCC4=CC(=O)C=C[C@]34C)[C@@H]1C[C@@H](O)[C@]2(O)C(=O)CO,D07CB01,Triamcinolone
C[C@H]1COC2=C(N3CCN(C)CC3)C(F)=CC3=C2N1C=C(C(O)=O)C3=O,J01MA12,Levofloxacin
NNC(=O)C1=CC=NC=C1,J04AM08,Isoniazid
C\C(\C=C\C1=C(C)CCCC1(C)C)=C/C=C/C(/C)=C/C(O)=O,D10AD01,Tretinoin
NNC(=O)C1=CC=NC=C1,J04AM06,Isoniazid
CN(C)[C@H]1[C@@H]2C[C@H]3C(=C(O)[C@]2(O)C(=O)C(C(N)=O)=C1O)C(=O)C1=C(C=CC=C1O)[C@@]3(C)O,A02BD08,Tetracycline
NC(=N)NC1=NC(CSCCC(=N)NS(N)(=O)=O)=CS1,A02BA53,Famotidine
CN1C[C@@H](C=C2[C@H]1CC1=CNC3=CC=CC2=C13)C(=O)N[C@]1(C)O[C@@]2(O)[C@@H]3CCCN3C(=O)[C@H](CC3=CC=CC=C3)N2C1=O,N02CA02,Ergotamine
C[C@H]1C[C@H]2[C@@H]3CC[C@](O)(C(=O)CO)[C@@]3(C)C[C@H](O)[C@@H]2[C@@]2(C)C=CC(=O)C=C12,D07AA01,Methylprednisolone
COC(=O)[C@@H](N)CC1=CC(O)=C(O)C=C1,N04BA05,Melevodopa
CO[C@@H]1[C@@H](O)[C@H](C)O[C@@H](O[C@H]2CC[C@@]3(C=O)[C@H](CC[C@@H]4[C@@H]3CC[C@]3(C)[C@H](CC[C@]43O)C3=CC(=O)OC3)C2)[C@H]1O,C01AX02,Peruvoside
C[N+](C)(C)CCOP([O-])(=O)OC[C@H](O)CO,N07AX02,Choline alfoscerate
CC(=O)[C@H]1CC[C@H]2[C@@H]3CCC4=CC(=O)CC[C@]4(C)[C@H]3CC[C@]12C,G03FA04,Progesterone
CC1=CC=C(C=C1)C1=CC(=NN1C1=CC=C(C=C1)S(N)(=O)=O)C(F)(F)F,C08CA51,Celecoxib
CC1(C)S[C@@H]2[C@H](NC(=O)[C@H](N)C3=CC=CC=C3)C(=O)N2[C@H]1C(O)=O,J01CA01,Ampicillin
CC1=C(O)C(CO)=C(CO)C=N1,A11HA02,Pyridoxine
OC[C@@H](NC(=O)C(Cl)Cl)[C@H](O)C1=CC=C(C=C1)[N+]([O-])=O,S01AA01,Chloramphenicol
NC1=C2N=CN([C@H]3C[C@H](O)[C@@H](CO)O3)C2=NC(Cl)=N1,L01BB04,Cladribine
C[C@]12CC[C@H]3[C@@H](CCC4=C3C=CC(O)=C4)[C@@H]1CC[C@@H]2O,G03FB04,Estradiol
C[C@]12C[C@H](O)[C@@]3(F)[C@@H](CCC4=CC(=O)C=C[C@]34C)[C@@H]1C[C@@H](O)[C@]2(O)C(=O)CO,H02AB08,Triamcinolone
CN(C)C(=N)NC(N)=N,A10BD02,Metformin
CC1=NC=C(N1CCO)[N+]([O-])=O,J01RA10,Metronidazole
CC(C)CC1=CC=C(C=C1)C(C)C(O)=O,M01AE01,Ibuprofen
COC1=CC=C2C[C@@H]3[C@@H]4C=C[C@H](O)[C@@H]5OC1=C2[C@]45CCN3C,N02AJ06,Codeine
CN(C)C(=N)NC(N)=N,A10BD07,Metformin
CC(C)C1=C(C(=O)NC2=CC=CC=C2)C(=C(N1CC[C@@H](O)C[C@@H](O)CC(O)=O)C1=CC=C(F)C=C1)C1=CC=CC=C1,C10BX08,Atorvastatin
OC1=CC(O)=CC(O)=C1,A03AX12,Phloroglucinol
NC[C@H]1O[C@H](O[C@@H]2[C@@H](N)C[C@@H](N)[C@H](O[C@H]3O[C@H](CO)[C@@H](O)[C@H](N)[C@H]3O)[C@H]2O)[C@H](N)C[C@@H]1O,S01AA12,Tobramycin
CC(C)C1=C(C(=O)NC2=CC=CC=C2)C(=C(N1CC[C@@H](O)C[C@@H](O)CC(O)=O)C1=CC=C(F)C=C1)C1=CC=CC=C1,C10BA05,Atorvastatin
COC1=CC2=C(NC=C2CCNC(C)=O)C=C1,N05CH01,Melatonin
OC1=CC=CC=C1,D08AE03,Phenol
COC1=CC=C2N=CC=C([C@H](O)[C@H]3C[C@@H]4CC[N@]3C[C@@H]4C=C)C2=C1,C01BA51,Quinidine
COC1=CC=C2C[C@H]3N(C)CC[C@@]45[C@@H](OC1=C24)C(=O)CC[C@@]35O,N02AA56,Oxycodone
NC(=O)OCCCC1=CC=CC=C1,M03BA51,Phenprobamate
CC(C)[C@H]1NC(=O)[C@@H](NC(=O)C2=C3N=C4C(OC3=C(C)C=C2)=C(C)C(=O)C(N)=C4C(=O)N[C@H]2[C@@H](C)OC(=O)[C@H](C(C)C)N(C)C(=O)CN(C)C(=O)[C@@H]3CCCN3C(=O)[C@H](NC2=O)C(C)C)[C@@H](C)OC(=O)[C@H](C(C)C)N(C)C(=O)CN(C)C(=O)[C@@H]2CCCN2C1=O,L01DA01,Dactinomycin
COC1=CC(CNC(=O)CCCC\C=C/C(C)C)=CC=C1O,M02AB02,Zucapsaicin
N[C@@H](CC1=CC(O)=C(O)C=C1)C(O)=O,N04BA02,Levodopa
CC(O)=O,S02AA10,Acetic acid
OC(=O)C1=CC=CC=C1O,S01BC08,Salicylic acid
COC(=O)C1=C(C)NC(C)=C(C1C1=C(C=CC=C1)[N+]([O-])=O)C(=O)OC,C07FB03,Nifedipine
CC(O)C(O)=O,G01AD01,Lactic acid
CN(C)C(=N)NC(N)=N,A10BD17,Metformin
C[C@](N)(CC1=CC(O)=C(O)C=C1)C(O)=O,C02AB01,Methyldopa
COC1=C2OC=CC2=CC2=C1OC(=O)C=C2,D05BA02,Methoxsalen
CCCCNC(=O)NS(=O)(=O)C1=CC=C(C)C=C1,V04CA01,Tolbutamide
CCC(C)(C)C(=O)O[C@H]1C[C@@H](C)C=C2C=C[C@H](C)[C@H](CC[C@@H]3C[C@@H](O)CC(=O)O3)[C@@H]12,C10BA04,Simvastatin
CO[C@H]1[C@@H](C[C@@H]2CN3CCC4=C(NC5=C4C=CC(OC)=C5)[C@H]3C[C@@H]2[C@@H]1C(=O)OC)OC(=O)\C=C\C1=CC(OC)=C(OC)C(OC)=C1,C02AA01,Rescinnamine
CN[C@@H]1[C@@H](O)[C@@H](O[C@H]2[C@H](N)C[C@H](N)[C@@H](O[C@H]3OC(CN)=CC[C@H]3N)[C@@H]2O)OC[C@]1(C)O,J01GB08,Sisomicin
C[C@]12CC[C@H]3[C@@H](CCC4=C3C=CC(O)=C4)[C@@H]1CC[C@@H]2O,G03FA06,Estradiol
CC1C2CC3=C(C=C(O)C=C3)C1(C)CCN2CCC1=CC=CC=C1,N02AD02,Phenazocine
COC1=CC=C2C[C@H]3N(C)CC[C@@]45[C@@H](OC1=C24)C(=O)CC[C@@]35O,N02AJ17,Oxycodone
CC[C@@]1(O)C[C@H](O[C@H]2C[C@@H]([C@H](O[C@H]3C[C@H](O)[C@H](O[C@H]4CCC(=O)[C@H](C)O4)[C@H](C)O3)[C@H](C)O2)N(C)C)C2=C(O)C3=C(C=C2[C@H]1C(=O)OC)C(=O)C1=CC=CC(O)=C1C3=O,L01DB04,Aclarubicin
OC[C@H]1O[C@H]([C@H](O)[C@@H]1O)N1C=NC2=C1N=CNC2=O,S01XA10,Inosine
COC1=CC=C2N=CC=C([C@@H](O)[C@@H]3C[C@@H]4CC[N@]3C[C@@H]4C=C)C2=C1,P01BC01,Quinine
COCCC1=CC=C(OCC(O)CNC(C)C)C=C1,C07AB02,Metoprolol
C[C@]12C[C@H](O)[C@@]3(F)[C@@H](CCC4=CC(=O)C=C[C@]34C)[C@@H]1C[C@@H](O)[C@]2(O)C(=O)CO,D07XB02,Triamcinolone
OC1=CC=C2C[C@H]3N(CC=C)CC[C@@]45[C@@H](OC1=C24)C(=O)CC[C@@]35O,A06AH04,Naloxone
COC(=O)C1=C(C)NC(C)=C(C1C1=C(C=CC=C1)[N+]([O-])=O)C(=O)OC,C08CA55,Nifedipine
CN1C2=C(N=CN2)C(=O)N(C)C1=O,R03DA20,Theophylline
CNC[C@H](O)C1=CC(O)=CC=C1,R01BA03,Phenylephrine
CN1[C@H]2CC[C@@H]1C[C@@H](C2)OC(=O)[C@H](CO)C1=CC=CC=C1,A03CB31,Hyoscyamine
COC1=CC=C2C=C(C=CC2=C1)[C@H](C)C(O)=O,M01AE56,Naproxen
COC1=CC=NC(CS(=O)C2=NC3=C(N2)C=C(OC(F)F)C=C3)=C1OC,A02BD04,Pantoprazole
CC[C@H](C)[C@H](NC(=O)[C@H](CC1=CC=C(O)C=C1)NC(=O)[C@@H](NC(=O)[C@H](CCCNC(N)=N)NC(=O)[C@@H](N)CC(O)=O)C(C)C)C(=O)N[C@@H](CC1=CNC=N1)C(=O)N1CCC[C@H]1C(=O)N[C@@H](CC1=CC=CC=C1)C(O)=O,C01CX09,Angiotensin II
CO[C@H]1[C@@H](C[C@@H]2CN3CCC4=C(NC5=C4C=CC(OC)=C5)[C@H]3C[C@@H]2[C@@H]1C(=O)OC)OC(=O)\C=C\C1=CC(OC)=C(OC)C(OC)=C1,C02LA52,Rescinnamine
COCCC1=CC=C(OCC(O)CNC(C)C)C=C1,C07BB02,Metoprolol
CO[C@H]1[C@@H](C[C@@H]2CN3CCC4=C(NC5=CC=CC=C45)[C@H]3C[C@@H]2[C@@H]1C(=O)OC)OC(=O)C1=CC(OC)=C(OC)C(OC)=C1,C02AA05,Deserpidine
C[C@]12CC[C@H]3[C@@H](CCC4=C3C=CC(O)=C4)[C@@H]1CC[C@@H]2O,G03FA12,Estradiol
NC1=NC(=O)N(C=C1)[C@@H]1CS[C@H](CO)O1,J05AR25,Lamivudine
C[C@H](O)[C@H](O)[C@H]1CNC2=C(N1)C(=O)NC(N)=N2,A16AX07,Sapropterin
